Track Name,Artist Name,Acousticness,Danceability,Energy,Instrumentalness,Speechiness,Liveness,Loudness,Tempo,Valence,Popularity,Release Date,Genres
Can't Tell No One,Terry Malts,0.000723,0.436,0.939,0.531,0.0417,0.0613,-3.372,105.15,0.518,5,2/21/2012,"['garage pop', 'la indie']"
Die Life,The Soft Moon,0.000303,0.577,0.987,0.948,0.0789,0.327,-5.144,155,0.326,21,10/30/2012,"['dark post-punk', 'grave wave', 'nu gaze']"
First It Giveth,Queens Of The Stone Age,0.0211,0.448,0.966,0.0595,0.101,0.135,-4.029,107.293,0.38,56,2002,"['alternative metal', 'alternative rock', 'grunge', 'modern rock', 'palm desert scene', 'rock', 'stoner metal', 'stoner rock']"
In the Same Room,Julia Holter,0.425,0.46,0.327,0.0612,0.0287,0.0886,-10.309,109.253,0.108,25,10/26/2012,"['art pop', 'chamber pop', 'electra', 'experimental pop', 'la indie', 'spectra']"
Kerosene,Crystal Castles,0.0827,0.519,0.546,0,0.0763,0.133,-9.368,115.799,0.0862,67,1/1/2012,"['alternative dance', 'bitpop', 'digital hardcore', 'indietronica', 'neo-synthpop', 'new rave', 'nintendocore']"
Look At These Hoes,Santigold,0.0232,0.801,0.762,0.0841,0.079,0.124,-5.625,142.999,0.721,31,4/21/2012,"['alternative dance', 'art pop', 'indietronica', 'neo-synthpop']"
Scavenger,School Of Seven Bells,0.00948,0.469,0.934,0.376,0.0417,0.0985,-5.604,75.011,0.717,14,2/28/2012,"['dream pop', 'metropopolis', 'modern dream pop', 'nu gaze', 'shoegaze']"
Solar Flare,Stumbleine,0.0168,0.515,0.621,0.341,0.0359,0.127,-8.369,87.491,0.0948,9,10/29/2012,"['ambient idm', 'chillstep', 'substep']"
"The Power - 7 Version""",SNAP!,0.0449,0.747,0.878,0.00402,0.0655,0.206,-7.637,108.891,0.701,65,1990,"['diva house', 'eurodance', 'german techno', 'hip house']"
Yr Love,Holy Other,0.777,0.484,0.467,0.857,0.0416,0.103,-9.645,89.949,0.321,32,6/6/2011,"['chillwave', 'future garage', 'grave wave', 'witch house', 'wonky']"
Drops,Iamamiwhoami,0.0101,0.472,0.88,0.828,0.0904,0.343,-7.661,145.087,0.535,23,6/11/2012,"['dark pop', 'metropopolis', 'neo-synthpop', 'swedish electropop', 'swedish synthpop']"
Goatlord,Goat,0.654,0.322,0.663,0.00107,0.0382,0.366,-4.907,118.068,0.0794,22,8/20/2012,"['neo-psychedelic', 'psychedelic doom', 'swedish psychedelic rock']"
Roulette Dares (The Haunt Of),The Mars Volta,0.00577,0.2,0.923,0.00789,0.267,0.278,-5.075,160.092,0.24,46,1/1/2003,"['el paso indie', 'garage rock']"
Rumble,Link Wray & His Ray Men,0.779,0.658,0.523,0.807,0.0299,0.14,-10.142,98.714,0.418,6,1/20/1994,['surf music']
Star of the Age,Shearwater,0.0792,0.497,0.743,0.00597,0.0324,0.0976,-6.476,115.057,0.324,13,2/14/2012,"['austindie', 'melancholia', 'slowcore']"
Synthetica,Metric,5.06E-05,0.375,0.874,0.00462,0.0385,0.104,-4.069,158.961,0.156,49,1/1/2012,"['canadian indie', 'canadian rock', 'indie rock', 'indietronica', 'metropopolis', 'neo-synthpop']"
The Perfect Dancer,Gallon Drunk,0.0525,0.245,0.503,0.848,0.0323,0.11,-9.098,103.028,0.275,0,8/10/2012,"['garage rock', 'punk blues']"
Tightrope - feat. Big Boi,Janelle Monáe,0.0302,0.641,0.673,0.000868,0.0918,0.219,-10.72,167.978,0.644,52,5/17/2010,"['afrofuturism', 'alternative r&b', 'atl hip hop', 'neo soul', 'r&b']"
WIXIW,Liars,0.0285,0.385,0.852,0.878,0.0502,0.118,-7.584,120.487,0.082,9,2012,"['dance-punk', 'experimental rock', 'noise rock']"
As,Stevie Wonder,0.0589,0.467,0.869,0,0.0559,0.244,-10.342,102.376,0.684,63,9/28/1976,"['motown', 'soul']"
Cocoon,Björk,0.659,0.797,0.381,0.168,0.0508,0.11,-14.858,127.855,0.107,44,2001,"['art pop', 'electronica', 'experimental pop', 'experimental vocal', 'icelandic experimental', 'icelandic pop', 'icelandic singer-songwriter', 'metropopolis', 'permanent wave', 'trip hop']"
Digital Love,Daft Punk,0.048,0.644,0.664,0.867,0.0332,0.342,-8.398,124.726,0.53,67,3/12/2001,"['electro', 'filter house', 'rock']"
Everlong,Foo Fighters,5.99E-05,0.413,0.881,0.000308,0.0367,0.0805,-5.541,158.066,0.364,85,5/20/1997,"['alternative metal', 'alternative rock', 'modern rock', 'permanent wave', 'post-grunge', 'rock']"
Heartbeats,The Knife,0.0198,0.645,0.732,7.98E-05,0.0315,0.134,-5.021,87.989,0.427,59,1/17/2003,"['alternative dance', 'art pop', 'dance-punk', 'electronica', 'gothenburg indie', 'indietronica', 'neo-synthpop', 'new rave', 'swedish electropop', 'swedish synthpop', 'trip hop']"
Into My Arms - 2011 - Remaster,Nick Cave & The Bad Seeds,0.894,0.484,0.0874,0.154,0.0394,0.11,-17.796,94.163,0.219,66,3/3/1997,"['alternative rock', 'chamber pop', 'permanent wave', 'singer-songwriter']"
Look After Me,Hot Chip,0.272,0.77,0.442,1.40E-05,0.0275,0.32,-7.676,96.801,0.612,30,5/22/2006,"['alternative dance', 'dance rock', 'electronica', 'indie rock', 'indietronica', 'neo-synthpop', 'new rave']"
"Lover, You Should've Come Over",Jeff Buckley,0.361,0.387,0.595,1.10E-05,0.0389,0.174,-5.67,119.38,0.151,74,1994,"['melancholia', 'permanent wave', 'singer-songwriter']"
Make It Wit Chu,Queens Of The Stone Age,0.413,0.708,0.828,0.000104,0.0286,0.12,-5.286,91.977,0.505,69,1/1/2007,"['alternative metal', 'alternative rock', 'grunge', 'modern rock', 'palm desert scene', 'rock', 'stoner metal', 'stoner rock']"
Neighborhood #1 (Tunnels),Arcade Fire,0.0647,0.282,0.738,0.0142,0.0324,0.29,-5.566,126.914,0.211,57,6/16/2004,"['alternative rock', 'baroque pop', 'canadian indie', 'canadian indie rock', 'chamber pop', 'indie rock', 'indietronica', 'modern rock', 'permanent wave', 'quebec indie', 'rock']"
Tender,Blur,0.469,0.587,0.566,0,0.0276,0.0644,-9.932,76.055,0.528,60,1999,"['alternative rock', 'britpop', 'madchester', 'permanent wave', 'rock']"
"Bitch, Don’t Kill My Vibe",Kendrick Lamar,0.0152,0.587,0.698,0,0.0943,0.442,-8.948,133.954,0.0985,73,2012,"['conscious hip hop', 'hip hop', 'rap', 'west coast rap']"
I Wanna Be Adored - Remastered,The Stone Roses,0.012,0.494,0.862,0.213,0.0273,0.228,-9.158,112.596,0.59,68,5/2/1989,"['britpop', 'dance rock', 'madchester']"
Loose Change,Neil Halstead,0.766,0.539,0.34,0.00743,0.0306,0.137,-11.466,125.786,0.198,10,1/1/2012,['melancholia']
Se Olvidan Que,Necessary,0.0757,0.823,0.714,0.000189,0.077,0.12,-8.134,108.024,0.336,0,4/16/2012,['dub metal']
Solitary Traveler,Torche,6.73E-06,0.284,0.672,0.875,0.0362,0.131,-5.207,105.305,0.3,15,4/24/2012,"['drone metal', 'miami metal', 'post-doom metal', 'post-metal', 'sludge metal', 'stoner metal', 'stoner rock']"
Sova,Anna Von Hausswolff,0.602,0.244,0.477,0.862,0.0281,0.105,-9.609,151.768,0.0858,20,7/18/2012,"['dark pop', 'gaian doom', 'gothenburg indie', 'spectra']"
The One,Twin Shadow,0.107,0.572,0.779,6.22E-05,0.0474,0.145,-6.044,94.94,0.728,22,7/9/2012,"['indietronica', 'metropopolis']"
The Wheel,Robert Hood,0.024,0.749,0.576,0.912,0.0545,0.0975,-13.138,95.01,0.136,2,9/17/2012,"['acid house', 'dark disco', 'detroit techno', 'minimal techno', 'techno']"
Turning Into Stone,Phantogram,0.00673,0.557,0.887,0.492,0.0492,0.324,-6.346,122.02,0.0642,39,2011,"['indietronica', 'metropopolis', 'neo-synthpop']"
Chum,Earl Sweatshirt,0.0216,0.51,0.503,0.002,0.242,0.108,-8.756,153.582,0.193,61,8/16/2013,"['alternative hip hop', 'drumless hip hop', 'experimental hip hop', 'hip hop', 'rap', 'underground hip hop']"
Disco Devil,"Lee Scratch"" Perry""",0.0785,0.682,0.726,0.000336,0.261,0.386,-8.754,77.865,0.515,47,10/14/1996,"['dub', 'reggae', 'roots reggae']"
Hondo,Monoswezi,0.768,0.727,0.374,0.000891,0.0482,0.0747,-13.787,137.262,0.567,2,1/29/2013,[]
Mallory,The History Of Apple Pie,0.000159,0.225,0.66,0.123,0.0556,0.197,-9.577,134.442,0.278,5,1/28/2013,['popgaze']
Montreal,Autechre,0.00073,0.648,0.925,0.738,0.0502,0.0654,-12.125,120.018,0.642,32,11/7/1994,"['abstract', 'ambient techno', 'drill and bass', 'electronica', 'glitch', 'intelligent dance music', 'uk experimental electronic']"
Murmurations,Tall Ships,0.0233,0.558,0.564,0.899,0.0318,0.688,-10.245,130,0.198,10,10/8/2012,"['british math rock', 'math pop']"
Panorama Wide,Josephine Foster,0.721,0.414,0.389,0.000346,0.0376,0.0903,-11.676,110.002,0.472,12,9/17/2012,"['freak folk', 'new weird america']"
Roseability,Idlewild,8.04E-05,0.437,0.917,0.000385,0.0598,0.106,-6.693,143.113,0.386,29,4/10/2000,"['britpop', 'scottish indie', 'scottish rock']"
Safe,Nosaj Thing,0.344,0.722,0.333,0.859,0.0414,0.0919,-14.675,134.999,0.0895,18,1/20/2013,"['chillwave', 'electronica', 'future garage', 'glitch hop', 'indietronica', 'intelligent dance music', 'wonky']"
Shooting Star,Veronica Falls,0.316,0.599,0.52,0.886,0.0269,0.108,-10.756,96.543,0.469,19,2/12/2013,"['garage psych', 'indie fuzzpop', 'twee pop']"
Take It Out On Me,Chairlift,0.0305,0.572,0.739,0.00851,0.223,0.14,-7.335,196.329,0.798,31,1/23/2012,"['brooklyn indie', 'indietronica', 'metropopolis', 'neo-synthpop']"
Dead City,The Twilight Sad,7.47E-05,0.36,0.934,0.0159,0.091,0.163,-4.502,145.029,0.233,20,2/6/2012,"['melancholia', 'scottish hush', 'scottish indie', 'shoegaze']"
"Goodbye, Goodbye",Tegan And Sara,0.0266,0.684,0.873,0.000123,0.0316,0.0928,-5.581,134.97,0.736,38,2013,"['canadian indie', 'lilith', 'metropopolis', 'permanent wave']"
Grateful Song,Villagers,0.144,0.214,0.672,0.285,0.0497,0.0786,-7.291,177.688,0.326,13,1/14/2013,"['chamber pop', 'indie folk', 'irish rock']"
Hold On (feat. Sampha),SBTRKT,0.201,0.761,0.364,0.281,0.0414,0.0884,-12.473,132.012,0.439,17,12/16/2016,"['chillwave', 'electronica', 'future garage', 'indie soul', 'indietronica']"
Leader of the Pack,Sleigh Bells,0.107,0.328,0.69,0.519,0.0469,0.508,-5.231,135.992,0.318,20,2/21/2012,"['brooklyn indie', 'dance-punk', 'experimental pop', 'hyper-rock', 'indie rock', 'indie surf', 'indietronica', 'neo-synthpop', 'noise pop', 'shimmer pop']"
Lodi Dodi,Snoop Dogg,0.0334,0.601,0.527,0,0.0794,0.103,-8.652,78.11,0.592,55,11/23/1993,"['g funk', 'gangster rap', 'hip hop', 'pop rap', 'rap', 'west coast rap']"
May You Never,John Martyn,0.891,0.673,0.168,0.79,0.0369,0.11,-15.333,124.825,0.726,49,1973,"['british folk', 'psychedelic folk', 'singer-songwriter']"
New Patterns,The Sea and Cake,0.108,0.733,0.556,0.114,0.0298,0.125,-8.751,140.014,0.297,11,9/18/2012,"['american post-rock', 'chicago indie']"
Ode to Viceroy,Mac Demarco,0.208,0.515,0.633,0.014,0.05,0.115,-6.305,94.562,0.31,61,10/16/2012,"['edmonton indie', 'lo-fi indie', 'pov: indie']"
One at a Time,Unknown Mortal Orchestra,0.0294,0.477,0.827,0.000217,0.0902,0.14,-6.334,98.585,0.646,37,3/16/2023,"['art pop', 'indie rock', 'indie soul', 'indietronica', 'kiwi rock', 'neo-psychedelic', 'portland hip hop', 'psychedelic pop']"
The Tunnel,Mala,0.00889,0.721,0.673,0.887,0.0507,0.0961,-12.036,140.03,0.319,14,9/10/2012,"['classic dubstep', 'future garage', 'uk bass', 'wonky']"
Human,Diiv,0.047,0.35,0.87,0.816,0.0401,0.0769,-3.682,147.959,0.574,42,6/26/2012,"['brooklyn indie', 'dream pop', 'dreamo', 'indie rock', 'indie surf', 'modern dream pop', 'neo-psychedelic', 'nu gaze', 'shoegaze']"
Put Me To Sleep,Porcelain Raft,0.268,0.628,0.92,0.0852,0.0799,0.114,-6.909,109.619,0.42,15,1/24/2012,"['chillwave', 'rome indie', 'shimmer pop']"
Red Kite - Prelude,Woodpecker Wooliams,0.894,0.289,0.419,0.0172,0.0476,0.607,-12.534,89.087,0.354,1,9/10/2012,[]
Represent,Nas,0.02,0.708,0.832,2.80E-06,0.318,0.189,-4.964,92.428,0.618,65,4/19/1994,"['conscious hip hop', 'east coast hip hop', 'gangster rap', 'hardcore hip hop', 'hip hop', 'queens hip hop', 'rap']"
The Road Trip of Bipasha Ahmed,Pere Ubu,0.521,0.652,0.603,0.00412,0.0321,0.0919,-10.343,120.044,0.764,0,1/7/2013,"['art punk', 'art rock', 'experimental', 'experimental rock', 'post-punk', 'protopunk', 'zolo']"
This Chain Won't Break,Wild Nothing,0.00447,0.619,0.738,0.849,0.0392,0.119,-8.818,116.01,0.562,26,8/28/2012,"['chillwave', 'dream pop', 'indie rock', 'indie surf', 'modern dream pop', 'neo-synthpop', 'noise pop', 'nu gaze', 'shimmer pop', 'shoegaze']"
Too Much,Amateur Best,0.319,0.538,0.698,9.50E-06,0.0798,0.666,-5.253,120.107,0.468,1,8/15/2013,[]
Wait/Awake,2:54,0.0343,0.504,0.62,0.2,0.0264,0.101,-7.691,104.031,0.133,1,2012,['metropopolis']
We Bow,Islet,0.993,0.641,0.26,0.892,0.0325,0.0916,-13.474,136.02,0.267,1,6/6/2012,['welsh indie']
Windowlicker,Aphex Twin,0.132,0.696,0.775,0.00879,0.142,0.37,-5.097,123.023,0.474,55,3/22/1999,"['ambient', 'braindance', 'electronica', 'intelligent dance music', 'uk experimental electronic']"
black wings,Inc.,0.113,0.708,0.602,0.0968,0.0278,0.114,-7.699,130.062,0.406,19,2/18/2013,['experimental r&b']
About to Die,Dirty Projectors,0.402,0.725,0.64,1.27E-06,0.223,0.0993,-5.593,82.558,0.781,26,7/10/2012,"['art pop', 'brooklyn indie', 'indie rock', 'indietronica', 'noise pop']"
Boy From School - Radio Edit,Hot Chip,0.136,0.619,0.871,6.60E-05,0.0313,0.0919,-3.816,126.005,0.7,20,2008,"['alternative dance', 'dance rock', 'electronica', 'indie rock', 'indietronica', 'neo-synthpop', 'new rave']"
Guillotine,Death Grips,0.0678,0.561,0.64,0.000387,0.287,0.148,-5.042,78.464,0.196,51,8/3/2011,"['escape room', 'experimental hip hop', 'industrial hip hop']"
Holkham Drones,Luke Abbott,0.166,0.453,0.309,0.847,0.0345,0.176,-16.759,123.996,0.0498,9,8/23/2010,"['abstract idm', 'microhouse']"
How Can You Mend A Broken Heart?,Al Green,0.509,0.467,0.42,2.56E-05,0.0398,0.0707,-6.957,146.512,0.365,66,1972,"['classic soul', 'funk', 'memphis soul', 'quiet storm', 'soul', 'soul blues', 'southern soul']"
Loserspeak in New Tongue,Parades,0.0735,0.416,0.86,0.000336,0.0615,0.266,-7.475,96.118,0.0607,3,4/23/2010,[]
Staring At The Sun,TV On The Radio,0.00304,0.286,0.637,0.00185,0.0507,0.107,-7.817,119.244,0.149,50,7/8/2003,"['alternative dance', 'alternative rock', 'brooklyn indie', 'chamber pop', 'indie rock', 'indietronica', 'modern rock', 'neo-synthpop']"
2 Guitars Sing,The Night Marchers,2.61E-05,0.32,0.949,0.816,0.0588,0.148,-3.58,74.543,0.51,6,1/22/2013,[]
"3,6,9",Cat Power,0.147,0.512,0.713,0,0.125,0.102,-7.925,171.755,0.407,39,9/3/2012,"['art pop', 'indie rock', 'melancholia', 'singer-songwriter', 'slowcore']"
Bitten,Patrick Wolf,0.886,0.449,0.383,0.000956,0.0331,0.255,-8.894,127.922,0.385,13,10/14/2012,"['downtempo', 'folktronica', 'indietronica']"
Cloud in Places,Grouper,0.9,0.502,0.284,0.849,0.033,0.0999,-15.609,97.307,0.0398,27,2/4/2013,"['ambient', 'ambient pop', 'art pop', 'dream pop', 'drone', 'electra', 'experimental ambient', 'experimental pop', 'modern dream pop', 'spectra']"
High Rise,Ladytron,0.00919,0.428,0.921,0.941,0.0363,0.115,-5.469,148.373,0.102,26,2005,"['alternative dance', 'dark synthpop', 'electroclash', 'electronica', 'indietronica', 'neo-synthpop']"
Play by Play,Autre Ne Veut,0.03,0.334,0.844,0,0.044,0.177,-4.161,114.768,0.103,22,2/26/2013,['experimental pop']
Pondage,Dutch Uncles,0.803,0.759,0.609,0.568,0.053,0.0891,-10.951,119.991,0.204,1,4/2/2013,['math pop']
Stay Close,Flume,0.00648,0.511,0.49,0.00638,0.0284,0.278,-6.061,89.968,0.291,33,11/9/2012,"['australian dance', 'australian electropop', 'australian indie', 'downtempo', 'edm', 'indietronica']"
The Lisbon Maru,Fuck Buttons,0.000467,0.512,0.937,0.965,0.0472,0.459,-8.63,100.002,0.161,28,10/20/2009,['bristol electronic']
Always Be There,Basement Jaxx,0.0107,0.392,0.831,0.429,0.0551,0.241,-5.692,126.116,0.402,21,5/10/1999,"['alternative dance', 'big beat', 'electronica', 'filter house']"
Cola,Toro Y Moi,0.439,0.663,0.526,0.663,0.103,0.0886,-13.417,161.016,0.315,36,1/22/2013,"['chillwave', 'hypnagogic pop', 'indie soul', 'indietronica']"
El Diablo,Applescal,0.00451,0.611,0.513,0.8,0.0368,0.102,-10.864,123.099,0.0581,3,2/5/2013,['minimal melodic techno']
Lies,Deap Vally,0.00744,0.285,0.976,6.83E-05,0.453,0.258,-4.453,104.207,0.416,23,1/1/2013,['garage rock']
Nightcall,Kavinsky,0.00842,0.532,0.874,0.012,0.0482,0.452,-5.183,91.038,0.361,75,2010,['filter house']
Picture Of Health,Parquet Courts,0.248,0.284,0.678,0.711,0.0372,0.169,-9.398,98.715,0.416,25,1/15/2013,"['alternative rock', 'american post-punk', 'brooklyn indie', 'chamber pop', 'crank wave', 'denton tx indie', 'indie rock', 'lo-fi', 'neo-psychedelic', 'noise pop', 'noise rock']"
Soda,Boody,0.0143,0.788,0.737,0.0568,0.238,0.337,-9.084,147.792,0.462,13,11/19/2012,"['escape room', 'vogue']"
Stay I'm Changed,FaltyDL,0.234,0.8,0.93,0.874,0.0555,0.117,-8.774,118.014,0.311,6,2013,"['footwork', 'future garage', 'uk bass', 'wonky']"
This Ladder Is Ours,The Joy Formidable,0.0103,0.31,0.919,0.000752,0.127,0.107,-6.609,144.902,0.0841,25,1/22/2013,"['metropopolis', 'nu gaze', 'welsh indie', 'welsh rock']"
Whore,FIDLAR,0.000273,0.233,0.871,0.613,0.0623,0.034,-3.232,176.614,0.386,27,9/25/2012,"['indie garage rock', 'noise pop']"
You're Pretty Good Looking,The White Stripes,0.661,0.503,0.667,0.000252,0.0431,0.282,-13.076,117.346,0.821,10,10/30/2000,"['alternative rock', 'blues rock', 'detroit rock', 'garage rock', 'modern blues rock', 'permanent wave', 'punk blues', 'rock']"
Abby,Tanlines,0.0215,0.584,0.762,0.429,0.0312,0.102,-6.879,118.991,0.134,10,3/20/2012,"['balearic', 'brooklyn indie', 'chillwave', 'shimmer pop']"
Alphabet Song,Lower Dens,0.00117,0.657,0.514,0.444,0.0295,0.452,-10.499,134.031,0.771,12,5/1/2012,"['baltimore indie', 'chillwave', 'noise pop', 'nu gaze', 'transpop']"
Atoms For Peace,Thom Yorke,0.429,0.654,0.408,0.893,0.0365,0.111,-15.857,134.973,0.239,44,7/10/2006,"['alternative rock', 'art pop', 'art rock', 'electronica', 'glitch pop', 'indie rock', 'oxford indie']"
Beware,Big Punisher,0.309,0.623,0.894,2.00E-05,0.3,0.358,-4.914,92.054,0.234,57,4/28/1998,"['bronx hip hop', 'east coast hip hop', 'hardcore hip hop']"
End Of Days,Light Asylum,0.000894,0.326,0.875,0.109,0.053,0.102,-4.413,159.791,0.738,19,5/1/2012,"['grave wave', 'metropopolis']"
Lo Dub High Dub,Peaking Lights,0.0014,0.643,0.672,0.806,0.0416,0.323,-10.823,141.67,0.65,1,12/11/2012,['experimental pop']
My Head is Full of Ghosts,Bad Religion,0.000312,0.415,0.98,1.83E-05,0.139,0.0989,-3.676,165.02,0.634,29,1/22/2013,"['punk', 'skate punk', 'socal pop punk']"
Somewhere All the Time,Samantha Crain,0.637,0.622,0.427,2.40E-05,0.0279,0.143,-7.671,81.169,0.422,11,2/19/2013,"['indie folk', 'stomp and holler']"
St. Anthony's Fire,Fionn Regan,0.981,0.694,0.109,0.0301,0.0409,0.105,-14.036,112.147,0.354,6,9/7/2012,"['irish pop', 'irish singer-songwriter']"
Swannanoa,Mount Moriah,0.0745,0.627,0.636,0.00829,0.0261,0.174,-10.171,120.579,0.729,3,2/26/2013,"['north carolina indie', 'north carolina roots', 'queer country']"
The Fun Powder Plot,Wild Beasts,0.405,0.579,0.748,0.574,0.0342,0.1,-8.559,100.023,0.429,27,8/2/2009,"['alternative dance', 'british indie rock', 'chamber psych', 'leeds indie', 'new rave', 'shimmer pop']"
A Forest,The Cure,0.34,0.633,0.62,0.605,0.0648,0.0977,-11.271,81.117,0.421,58,4/18/1980,"['new wave', 'permanent wave', 'rock', 'uk post-punk']"
Ambulance Chaser,Hunters,0.454,0.474,0.304,3.57E-05,0.0307,0.098,-12.627,175.845,0.157,0,11/26/2012,[]
Armed For Peace,Suuns,0.00973,0.547,0.727,0.0152,0.0322,0.116,-5.671,75.002,0.231,19,10/12/2010,"['chamber psych', 'quebec indie']"
Bad Dreams,Boy Friend,0.656,0.439,0.575,0.961,0.0307,0.107,-9.583,112.19,0.341,4,2/5/2012,['dreamgaze']
Down to Go,Phosphorescent,0.653,0.359,0.401,0.414,0.0278,0.113,-8.26,101.196,0.257,24,3/19/2013,"['alternative americana', 'chamber pop', 'countrygaze', 'indie folk', 'indie rock', 'stomp and holler', 'swedish americana']"
Grand Procession,Pharmakon MTL,0.614,0.478,0.296,0.573,0.0337,0.0931,-13.17,130.53,0.0677,0,1/18/2011,[]
One More Time,Psychic Ills,0.172,0.554,0.676,0.219,0.0284,0.13,-6.127,115.997,0.679,23,2/19/2013,"['neo-psychedelic', 'psych gaze']"
Paid In Full,Eric B. & Rakim,0.00228,0.878,0.851,0.00125,0.232,0.0509,-8.971,99.014,0.404,53,7/7/1987,"['bboy', 'east coast hip hop', 'golden age hip hop', 'hip hop', 'old school hip hop']"
Siamese,Wye Oak,0.53,0.5,0.565,0.692,0.032,0.119,-7.842,115.416,0.26,17,7/21/2009,"['baltimore indie', 'chamber pop']"
Uthando Lwaka,LV,0.137,0.869,0.496,0.00321,0.105,0.115,-6.766,124.004,0.44,0,7/1/2014,['uk bass']
Werkin' Girls,Angel Haze,0.135,0.651,0.876,0,0.357,0.224,-7.033,76.166,0.736,40,1/1/2012,"['alternative r&b', 'escape room', 'hip pop', 'lgbtq+ hip hop', 'native american hip hop', 'transpop', 'trap queen']"
Circular Road,Heathers,0.241,0.547,0.782,0.00125,0.0375,0.0551,-3.017,152.007,0.6,16,4/8/2014,['irish rock']
Fireflies Made Out Of Dust,Happy Jawbone Family Band,0.785,0.204,0.62,0.642,0.0385,0.737,-6.426,171.617,0.39,35,1/29/2013,"['hypnagogic pop', 'vermont indie']"
"Good Morning, Captain",Slint,0.056,0.442,0.502,0.572,0.0354,0.107,-18.18,188.423,0.166,47,3/15/1991,"['alternative rock', 'dream pop', 'experimental rock', 'louisville underground', 'math rock', 'noise pop', 'post-hardcore', 'post-punk', 'post-rock', 'shoegaze', 'slowcore']"
Heartbreaker,Alabama Shakes,0.208,0.476,0.729,0,0.0376,0.18,-4.317,138.893,0.48,35,12/9/2022,"['alabama indie', 'modern blues rock', 'rock']"
In Our Time,Hookworms,0.429,0.229,0.736,0.303,0.0398,0.0879,-9.99,166.11,0.571,3,9/2/2013,"['chamber psych', 'garage psych', 'neo-psychedelic']"
Rattling Cage,Forest Swords,0.804,0.535,0.649,0.452,0.0394,0.409,-8.051,109.986,0.249,14,11/22/2010,"['art pop', 'hauntology', 'uk experimental electronic', 'wonky']"
Role Model,Eminem,0.0218,0.865,0.589,4.60E-06,0.258,0.04,-4.224,91.968,0.776,68,2/23/1999,"['detroit hip hop', 'hip hop', 'rap']"
Sad Laugh,L. Pierre,0.0744,0.0654,0.59,0.808,0.0461,0.409,-7.656,56.295,0.392,1,1/14/2013,['scottish indie']
Teary Eyes And Bloody Lips,Moonface,0.0345,0.327,0.819,0.826,0.1,0.617,-7.352,151.187,0.199,15,4/17/2012,['experimental indie']
The Woodpile,Frightened Rabbit,0.0324,0.349,0.885,0,0.0438,0.315,-4.624,149.968,0.31,47,2013,"['chamber pop', 'indie rock', 'scottish hush', 'scottish indie', 'scottish rock']"
Voyage Voyage,Soap&Skin,0.945,0.37,0.105,0.0235,0.0307,0.0812,-11.967,95.768,0.154,40,2/13/2012,"['austrian pop', 'melancholia']"
Bite,Mazes,0.686,0.71,0.495,0.901,0.0464,0.119,-5.604,81.018,0.175,1,2/17/2013,[]
Black Balloons,Local Natives,0.00392,0.608,0.777,0.00147,0.0298,0.0936,-6.436,121.045,0.531,32,1/29/2013,"['chamber pop', 'indie rock', 'la indie', 'modern rock', 'shimmer pop', 'stomp and holler']"
"Hands, Be Still",Ólafur Arnalds,0.989,0.213,0.0513,0.963,0.034,0.113,-24.974,82.143,0.0358,18,1/1/2013,"['compositional ambient', 'icelandic classical', 'neoclassical darkwave']"
Heavy Hands,Cold Specks,0.552,0.408,0.254,0.000921,0.0269,0.1,-10.817,96.823,0.212,2,5/22/2012,['canadian pop']
Here On In,Rachel Zeffira,0.162,0.467,0.683,0.918,0.031,0.12,-10.215,135.008,0.281,2,2012,['etherpop']
Killer - Edit,Adamski,0.00197,0.728,0.679,0.609,0.0541,0.107,-7.67,125.987,0.642,18,5/17/2011,"['acid house', 'hip house']"
Next Door Neighbor Blues,Gary Clark Jr.,0.0267,0.227,0.694,0.113,0.0635,0.904,-5.673,170.942,0.317,37,9/19/2014,"['electric blues', 'modern blues rock', 'rock', 'soul blues', 'texas blues']"
Paranoid Android,Radiohead,0.0377,0.251,0.848,0.00591,0.0579,0.0545,-6.501,163.709,0.207,71,5/28/1997,"['alternative rock', 'art rock', 'melancholia', 'oxford indie', 'permanent wave', 'rock']"
Time Keeps on Slipping,Deltron 3030,0.0589,0.697,0.756,0,0.0884,0.383,-7.971,96.015,0.785,41,2000,"['abstract hip hop', 'afrofuturism', 'alternative hip hop', 'psychedelic hip hop']"
Yonkers,"Tyler, The Creator",0.0161,0.712,0.759,0.0808,0.334,0.217,-5.397,79.102,0.738,65,5/9/2011,"['hip hop', 'rap']"
Black Hole,be your own PET,0.0151,0.549,0.899,0,0.0465,0.3,-1.504,97.388,0.794,27,6/3/2008,"['nashville indie', 'riot grrrl']"
Bosque,Bomba Estéreo,0.447,0.723,0.509,0.83,0.067,0.206,-12.418,120.97,0.713,20,11/5/2012,"['cumbia', 'latin alternative', 'latin rock', 'pop electronico', 'tropical alternativo']"
Every Boy Wants a Normal Girl,Colleen Green,0.384,0.614,0.496,0.818,0.0246,0.122,-9.024,96.849,0.209,6,3/19/2013,"['bubblegrunge', 'indie punk', 'la indie', 'popgaze']"
Green Onions,Booker T. & The MG's,0.767,0.816,0.514,0.949,0.0339,0.0899,-8.741,136.837,0.912,72,1962,"['blues', 'classic soul', 'instrumental funk', 'instrumental soul', 'memphis soul', 'soul', 'southern soul', 'traditional blues']"
Heatwave,Martha Reeves & The Vandellas,0.569,0.543,0.856,0.00938,0.05,0.267,-3.622,82.946,0.852,39,1/1/2013,"['classic girl group', 'classic soul', 'motown', 'soul', 'southern soul']"
In My Soul - Internal Affairs,Goldie,0.00171,0.648,0.923,0.609,0.0644,0.282,-6.303,149.946,0.79,10,1/1/2013,"['atmospheric dnb', 'drum and bass', 'jungle']"
Lolita,Purling Hiss,1.41E-06,0.285,0.868,0.428,0.0428,0.189,-7.312,124.302,0.539,3,5/15/2012,"['philly indie', 'psychedelic punk']"
O Little Light,Hiss Golden Messenger,0.785,0.715,0.267,0.00264,0.0337,0.0825,-9.91,127.261,0.342,22,11/22/2010,"['alternative country', 'indie folk', 'modern folk rock', 'new americana', 'north carolina indie', 'north carolina roots', 'stomp and holler']"
Pittura Infamante,Girls Names,0.143,0.289,0.66,0.777,0.0279,0.114,-6.72,139.817,0.382,6,2/26/2013,"['belfast indie', 'northern irish indie', 'popgaze']"
Set Me Free,The Heavy,0.0352,0.798,0.922,8.49E-06,0.0749,0.729,-4.619,113.988,0.857,33,10/29/2007,"['bath indie', 'modern blues rock']"
Waterfall,Torres,0.885,0.168,0.151,0.648,0.0447,0.0889,-17.86,68.919,0.083,8,2013,['art pop']
Asuf D Alwa,Tinariwen,0.884,0.548,0.537,2.43E-05,0.0468,0.12,-9.056,156.151,0.49,15,8/30/2011,"['afropop', 'desert blues', 'malian blues', 'musique touareg', 'tuareg guitar', 'western saharan folk', 'world']"
Daydreaming,Dark Dark Dark,0.936,0.554,0.253,0.145,0.0328,0.118,-12.083,139.818,0.192,35,10/5/2010,"['chamber folk', 'chicago indie']"
Hacker,Death Grips,0.0567,0.681,0.88,0,0.227,0.0893,-3.895,124.885,0.38,56,4/23/2012,"['escape room', 'experimental hip hop', 'industrial hip hop']"
Heart Of Hearts,!!!,0.000501,0.627,0.931,0.0956,0.0523,0.125,-6.571,119.104,0.398,26,3/5/2007,"['alternative dance', 'dance rock', 'dance-punk', 'electronica', 'neo-synthpop', 'new rave', 'sacramento indie']"
Honeysuckle Blue,Celebration,0.182,0.367,0.308,0.0918,0.0442,0.241,-15.182,109.997,0.255,0,8/2/2011,['baltimore indie']
I Come From The Mountain,Thee Oh Sees,6.12E-05,0.234,0.939,0.849,0.0449,0.118,-6.856,89.679,0.588,38,4/16/2013,"['bay area indie', 'double drumming', 'garage pop', 'garage rock', 'indie rock', 'lo-fi', 'neo-psychedelic', 'noise pop', 'noise rock', 'psychedelic punk']"
Meat Grinder,Madvillain,0.359,0.571,0.717,3.12E-06,0.336,0.797,-8.333,87.54,0.881,70,3/24/2004,"['abstract hip hop', 'alternative hip hop', 'hip hop', 'psychedelic hip hop']"
Province,TV On The Radio,0.345,0.553,0.864,0.0116,0.0494,0.143,-7.825,130.028,0.344,33,7/3/2006,"['alternative dance', 'alternative rock', 'brooklyn indie', 'chamber pop', 'indie rock', 'indietronica', 'modern rock', 'neo-synthpop']"
Shallow Tears,Light Asylum,0.00394,0.528,0.888,0.000796,0.0371,0.138,-3.887,118.026,0.0695,33,5/1/2012,"['grave wave', 'metropopolis']"
Swim and Sleep [Like a Shark],Unknown Mortal Orchestra,0.124,0.766,0.806,0.171,0.0403,0.119,-10.011,123.51,0.76,57,3/16/2023,"['art pop', 'indie rock', 'indie soul', 'indietronica', 'kiwi rock', 'neo-psychedelic', 'portland hip hop', 'psychedelic pop']"
The Hollows,Why?,0.0838,0.547,0.712,8.02E-05,0.0294,0.112,-5.407,124.786,0.361,30,3/11/2008,"['abstract hip hop', 'bay area indie']"
All Day Sucker,Stevie Wonder,0.0733,0.685,0.604,2.89E-06,0.0299,0.0809,-9.285,105.879,0.854,40,9/28/1976,"['motown', 'soul']"
Andro,Oneohtrix Point Never,0.00232,0.149,0.821,0.952,0.0869,0.181,-9.602,104.661,0.134,31,11/8/2011,"['ambient', 'art pop', 'drone', 'experimental pop', 'fluxwork', 'hauntology', 'hypnagogic pop', 'intelligent dance music', 'wonky']"
Beautiful Feeling,PJ Harvey,0.942,0.381,0.142,0.0793,0.0357,0.155,-15.057,117.846,0.0372,41,1/1/2000,"['alternative rock', 'art pop', 'melancholia', 'permanent wave', 'piano rock', 'singer-songwriter']"
Bodies,The Smashing Pumpkins,5.01E-06,0.401,0.918,0.881,0.0694,0.365,-8.204,108.305,0.378,46,1995,"['alternative metal', 'alternative rock', 'grunge', 'permanent wave', 'rock', 'spacegrunge']"
Genesis,Grimes,0.0764,0.611,0.677,0.0698,0.034,0.241,-6.745,166.04,0.233,73,2/21/2012,"['art pop', 'canadian electropop', 'grave wave', 'indietronica', 'metropopolis', 'neo-synthpop']"
If I Had A Heart,Fever Ray,0.789,0.403,0.241,0.792,0.0296,0.108,-16.17,170.134,0.138,57,1/12/2009,"['alternative dance', 'art pop', 'dark pop', 'electronica', 'neo-synthpop', 'swedish electropop', 'swedish synth', 'swedish synthpop']"
Jahara,Teebs,0.697,0.367,0.811,0.639,0.0404,0.26,-5.261,86.797,0.54,20,11/7/2011,"['abstract beats', 'instrumental hip hop', 'wonky']"
Surgeon,St. Vincent,0.0963,0.496,0.724,0.0261,0.0433,0.118,-7.964,139.913,0.369,37,9/12/2011,"['art pop', 'etherpop', 'indie rock', 'indietronica', 'metropopolis', 'neo-synthpop']"
Do You Remember,The Horrors,0.0672,0.298,0.977,0.0307,0.167,0.249,-5.056,105.91,0.146,16,4/21/2009,"['alternative dance', 'deep gothic post-punk', 'essex indie', 'garage rock', 'grave wave', 'indie rock', 'indietronica', 'modern rock', 'neo-synthpop', 'new rave', 'noise pop', 'nu gaze', 'shoegaze']"
Dog House Boogie,Seasick Steve,0.989,0.47,0.445,0.33,0.038,0.167,-7.599,132.295,0.349,32,10/8/2006,"['country blues', 'modern blues', 'texas blues']"
Feels Like We Only Go Backwards,Tame Impala,0.0277,0.303,0.9,0.635,0.0574,0.11,-2.352,149.508,0.491,78,1/1/2012,"['australian psych', 'modern rock', 'neo-psychedelic', 'rock']"
Glory Box,Portishead,0.177,0.51,0.434,0.516,0.0361,0.0603,-10.004,119.695,0.207,75,1/1/1994,"['alternative rock', 'art pop', 'dark pop', 'electronica', 'laboratorio', 'trip hop']"
Golden Dawn,Goat,0.00172,0.382,0.896,0.854,0.0515,0.0488,-2.952,123.157,0.648,42,8/20/2012,"['neo-psychedelic', 'psychedelic doom', 'swedish psychedelic rock']"
Late Night,Foals,0.0225,0.87,0.701,0.479,0.0485,0.104,-7.385,121.988,0.195,58,10/9/2020,"['alternative dance', 'garage rock', 'indie rock', 'indietronica', 'modern alternative rock', 'modern rock', 'neo-synthpop', 'oxford indie', 'shimmer pop']"
Ruby,Ali Farka Touré,0.802,0.361,0.31,0.687,0.0398,0.128,-12.102,177.659,0.408,50,2/22/2010,"['afropop', 'desert blues', 'malian blues', 'mande pop', 'world']"
Same Dream China,Gold Panda,0.446,0.578,0.953,0.688,0.0343,0.0942,-3.956,124.967,0.508,23,9/7/2010,"['chillwave', 'electronica', 'future garage', 'indietronica', 'microhouse', 'wonky']"
Sleep Deprivation,Simian Mobile Disco,0.00448,0.675,0.803,0.66,0.0459,0.126,-6.893,130.247,0.108,33,1/1/2007,"['alternative dance', 'electrofox', 'electronica', 'filter house', 'indietronica', 'neo-synthpop', 'new rave']"
Watch the Corners,Dinosaur Jr.,0.0997,0.265,0.943,0.00357,0.106,0.12,-4.202,131.158,0.347,31,9/18/2012,"['alternative rock', 'lo-fi', 'noise pop', 'noise rock', 'permanent wave', 'power pop']"
White Noise,Disclosure,0.0103,0.683,0.845,0.000108,0.051,0.345,-6.17,119.966,0.874,55,6/3/2013,"['edm', 'house', 'indietronica', 'uk dance']"
Fight The Power,Public Enemy,0.00484,0.797,0.582,2.04E-06,0.255,0.517,-12.97,105.974,0.415,56,4/10/1990,"['conscious hip hop', 'east coast hip hop', 'golden age hip hop', 'hardcore hip hop', 'hip hop', 'old school hip hop', 'political hip hop']"
Hold On,Alabama Shakes,0.206,0.575,0.666,0.341,0.0301,0.0852,-5.425,88.311,0.546,64,12/9/2022,"['alabama indie', 'modern blues rock', 'rock']"
If You Want Me To Stay,Sly & The Family Stone,0.28,0.843,0.48,0.000782,0.0492,0.108,-11.574,101.993,0.762,67,6/30/1973,"['classic soul', 'funk', 'funk rock', 'p funk', 'psychedelic soul', 'soul', 'southern soul']"
Kemosabe,Everything Everything,0.251,0.587,0.728,0.0104,0.0545,0.551,-6.003,173.989,0.707,42,1/14/2013,"['british indie rock', 'experimental pop', 'modern rock', 'new rave', 'northern irish indie', 'shimmer pop']"
Kouma,Rokia Traoré,0.511,0.513,0.668,0,0.0382,0.0614,-5.693,90.642,0.73,18,4/1/2013,"['afropop', 'malian blues', 'mande pop', 'world']"
Movin' on Up,Primal Scream,0.0846,0.508,0.808,0.000727,0.0403,0.0719,-12.496,94.255,0.209,49,9/23/1991,"['alternative rock', 'britpop', 'dance rock', 'scottish indie']"
Sympathy For The Devil,The Rolling Stones,0.518,0.702,0.668,0,0.214,0.0588,-9.237,116.063,0.561,75,12/6/1968,"['album rock', 'british invasion', 'classic rock', 'rock']"
The Ride Pt. 2,Calexico,0.219,0.772,0.492,0.00102,0.0302,0.383,-11.278,122.208,0.588,8,11/23/2018,"['alternative country', 'chamber pop', 'roots rock', 'tucson indie']"
Youth,Daughter,0.885,0.386,0.528,0.00559,0.0436,0.117,-11.291,146.412,0.388,62,1/1/2013,['shimmer pop']
1901,Phoenix,0.0601,0.59,0.829,3.99E-05,0.0419,0.19,-5.649,144.099,0.704,75,5/25/2009,"['alternative dance', 'indie rock', 'modern rock', 'neo-synthpop', 'new rave', 'rock independant francais', 'shimmer pop']"
Across 110th Street,Bobby Womack,0.107,0.476,0.585,1.43E-05,0.0478,0.149,-14.211,110.275,0.523,62,1/1/1993,"['classic soul', 'funk', 'quiet storm', 'soul', 'southern soul']"
Any Day Will Do Fine,Michael Kiwanuka,0.626,0.522,0.377,0,0.0332,0.118,-11.692,104.968,0.374,24,1/1/2012,"['british soul', 'neo soul', 'psychedelic soul', 'soul']"
Baby I Call Hell,Deap Vally,0.000636,0.383,0.917,4.35E-05,0.195,0.409,-4.516,79.362,0.443,38,1/1/2013,['garage rock']
Cherub Rock,The Smashing Pumpkins,5.91E-06,0.382,0.867,0.581,0.0399,0.196,-7.426,87.309,0.453,64,1993,"['alternative metal', 'alternative rock', 'grunge', 'permanent wave', 'rock', 'spacegrunge']"
Heart Skipped A Beat,The xx,0.554,0.825,0.347,0.813,0.0504,0.0893,-13.148,122.742,0.511,47,8/18/2009,"['downtempo', 'dream pop', 'indietronica']"
Lonely,Steve Mason,0.245,0.477,0.738,0.00012,0.0293,0.0693,-6.987,149.965,0.629,6,3/18/2013,"['chamber psych', 'scottish singer-songwriter', 'solo wave']"
Midnight Request Line,Skream,0.00252,0.814,0.5,0.826,0.122,0.286,-14.644,139.993,0.138,37,10/30/2006,"['classic dubstep', 'future garage', 'uk bass']"
Still Love Me,Jessie Ware,0.424,0.675,0.829,0.00352,0.0449,0.361,-8.067,94.985,0.795,15,2012,"['british soul', 'electropop', 'neo soul', 'pop soul', 'uk pop']"
Whoa,Earl Sweatshirt,0.00141,0.541,0.748,3.10E-06,0.31,0.322,-6.321,79.616,0.351,53,8/16/2013,"['alternative hip hop', 'drumless hip hop', 'experimental hip hop', 'hip hop', 'rap', 'underground hip hop']"
Air War,Crystal Castles,0.0482,0.769,0.806,0.0625,0.0876,0.705,-3.833,120.001,0.516,45,3/18/2008,"['alternative dance', 'bitpop', 'digital hardcore', 'indietronica', 'neo-synthpop', 'new rave', 'nintendocore']"
Becoming A Jackal,Villagers,0.656,0.584,0.504,7.66E-05,0.0286,0.0922,-9.502,150.044,0.56,37,5/24/2010,"['chamber pop', 'indie folk', 'irish rock']"
Brand New Day,Dizzee Rascal,0.52,0.704,0.809,0,0.13,0.152,-3.846,137.961,0.689,17,2003,"['grime', 'instrumental grime']"
Break The Spell,Rachel Zeffira,0.0067,0.475,0.754,0.94,0.0468,0.114,-8.381,128.049,0.294,3,2012,['etherpop']
Bright Tomorrow,Fuck Buttons,0.00531,0.644,0.353,0.946,0.0498,0.221,-9.383,121.961,0.022,15,3/17/2008,['bristol electronic']
Firewater,Django Django,0.0148,0.714,0.725,0.0169,0.121,0.175,-5.311,141.943,0.702,25,8/21/2012,"['alternative dance', 'electronic rock', 'indietronica', 'new rave', 'shimmer pop']"
If I Ruled the World (Imagine That),Nas,0.0474,0.879,0.564,9.43E-06,0.247,0.0519,-7.682,93.908,0.523,72,7/2/1996,"['conscious hip hop', 'east coast hip hop', 'gangster rap', 'hardcore hip hop', 'hip hop', 'queens hip hop', 'rap']"
Things Are Changin' - Live [Solo Acoustic],Gary Clark Jr.,0.903,0.734,0.311,0.016,0.0375,0.198,-9.47,85.672,0.357,44,8/8/2011,"['electric blues', 'modern blues rock', 'rock', 'soul blues', 'texas blues']"
Wide Eyes,Local Natives,0.00131,0.528,0.86,0.25,0.0397,0.251,-8.033,123.12,0.49,50,2/16/2010,"['chamber pop', 'indie rock', 'la indie', 'modern rock', 'shimmer pop', 'stomp and holler']"
Your Fine Petting Duck,Devendra Banhart,0.701,0.582,0.429,0.458,0.0623,0.114,-11.095,110.215,0.286,38,3/8/2013,"['chamber pop', 'freak folk', 'new weird america']"
Alone Again Or,Love,0.664,0.318,0.303,0.000223,0.0302,0.113,-15.572,174.254,0.226,53,1967,"['acid rock', 'folk rock', 'psychedelic rock']"
Candy Shoppe,Emeralds,0.31,0.361,0.817,0.536,0.03,0.123,-9.556,146.813,0.185,29,5/24/2010,"['ambient', 'berlin school', 'cleveland indie', 'drone', 'hauntology', 'hypnagogic pop']"
Careful Crossers,Fang Island,1.50E-06,0.201,0.843,0.787,0.0407,0.176,-5.556,153.005,0.163,12,2010,['rhode island indie']
I See My Mother,POLIÇA,0.00819,0.653,0.713,0.359,0.0381,0.147,-8.859,129.989,0.263,23,12/20/2011,['metropopolis']
Mathematics,Mos Def,0.0285,0.753,0.749,0,0.316,0.0845,-6.132,93.79,0.832,61,10/12/1999,"['conscious hip hop', 'east coast hip hop', 'hip hop']"
May-December,Mos Def,0.0164,0.825,0.679,0.838,0.05,0.0468,-7.408,91.674,0.613,41,10/12/1999,"['conscious hip hop', 'east coast hip hop', 'hip hop']"
Red Right Hand - 2011 - Remaster,Nick Cave & The Bad Seeds,0.139,0.735,0.403,0.473,0.037,0.107,-11.599,115.658,0.453,65,4/18/1994,"['alternative rock', 'chamber pop', 'permanent wave', 'singer-songwriter']"
Revival Mode,Every Time I Die,3.20E-05,0.412,0.915,0.00536,0.0619,0.379,-4.681,116.896,0.192,30,3/6/2012,"['buffalo ny metal', 'chaotic hardcore', 'melodic metalcore', 'post-hardcore', 'screamo']"
Aimless Arrow,Converge,1.89E-05,0.129,0.965,0.221,0.107,0.387,-3.087,160.965,0.242,32,10/9/2012,"['boston hardcore', 'chaotic hardcore', 'mathcore', 'metalcore', 'post-hardcore', 'post-rock', 'sludge metal']"
Anteroom,EMA,0.712,0.435,0.307,0,0.0471,0.153,-9.724,95.987,0.115,8,6/3/2011,['south dakota indie']
Deep Water,Portishead,0.987,0.709,0.0741,0.0251,0.0349,0.122,-16.567,91.311,0.383,50,1/1/2008,"['alternative rock', 'art pop', 'dark pop', 'electronica', 'laboratorio', 'trip hop']"
Die Slow,Health,9.31E-06,0.448,0.931,0.679,0.0706,0.596,-5.673,100.961,0.329,29,8/9/2009,"['grave wave', 'metropopolis', 'noise pop', 'noise rock']"
Idiot Heart,Sunset Rubdown,0.00264,0.332,0.86,0.000416,0.082,0.203,-6.604,147.245,0.682,22,6/23/2009,['quebec indie']
Machine Gun,Portishead,0.015,0.565,0.575,0.00225,0.0409,0.106,-6.116,105.12,0.0601,44,1/1/2008,"['alternative rock', 'art pop', 'dark pop', 'electronica', 'laboratorio', 'trip hop']"
Music Is Math,Boards of Canada,0.0682,0.532,0.799,0.932,0.0416,0.467,-11.028,99.985,0.115,46,2/19/2002,"['electronica', 'indietronica', 'intelligent dance music', 'scottish electronic', 'trip hop']"
Oceania,Björk,0.494,0.635,0.603,0,0.091,0.231,-8.366,99.926,0.488,33,8/31/2004,"['art pop', 'electronica', 'experimental pop', 'experimental vocal', 'icelandic experimental', 'icelandic pop', 'icelandic singer-songwriter', 'metropopolis', 'permanent wave', 'trip hop']"
Skeng,The Bug,0.0383,0.703,0.766,0.000504,0.23,0.328,-6.867,139.879,0.571,40,6/30/2008,"['classic dubstep', 'dub metal', 'illbient', 'trip hop']"
Speak In Rounds,Grizzly Bear,0.128,0.543,0.878,0.027,0.0426,0.119,-7.724,97.495,0.558,33,9/17/2012,"['art pop', 'baroque pop', 'brooklyn indie', 'indie rock', 'neo-synthpop', 'new weird america']"
Stick To My Side,Pantha Du Prince,0.00456,0.699,0.495,0.655,0.0707,0.215,-15.341,124.015,0.387,12,2/9/2010,"['electronica', 'hamburg electronic', 'microhouse', 'minimal techno']"
Ape Dos Mil,Glassjaw,0.0101,0.333,0.851,0,0.0948,0.277,-5.293,108.25,0.44,46,7/9/2002,"['emo', 'long island punk', 'post-hardcore', 'screamo']"
Bizness,tUnE-yArDs,0.194,0.76,0.76,0.00174,0.0508,0.113,-5.964,111.018,0.637,45,4/18/2011,"['art pop', 'indie rock', 'one-person band', 'shimmer pop']"
Meltdown,King Midas Sound,0.0968,0.737,0.462,0.801,0.0669,0.0745,-12.364,139.965,0.5,10,7/1/2014,['dub metal']
Platform Blues,Pavement,0.0346,0.354,0.53,0.124,0.0533,0.121,-11.307,117.482,0.178,27,6/8/1999,"['alternative rock', 'chamber pop', 'indie rock', 'lo-fi', 'shoegaze']"
Sittin’ Here,Dizzee Rascal,0.573,0.823,0.862,1.86E-06,0.18,0.179,-5.47,162.011,0.627,18,2003,"['grime', 'instrumental grime']"
The Healer,Erykah Badu,0.00142,0.783,0.395,0.0338,0.162,0.368,-10.249,90.172,0.277,54,2/26/2007,"['afrofuturism', 'alternative r&b', 'neo soul', 'r&b']"
Tornado Of Souls,Megadeth,0.00203,0.519,0.982,0.00055,0.108,0.0971,-3.547,97.745,0.361,67,10/4/1990,"['alternative metal', 'hard rock', 'melodic thrash', 'metal', 'old school thrash', 'rock', 'speed metal', 'thrash metal']"
Who's Lovin' You,Jackson 5,0.935,0.385,0.26,0.0705,0.0297,0.279,-9.013,81.02,0.223,21,7/28/2009,"['motown', 'soul']"
Back From the Grave,Chromatics,0.238,0.654,0.884,0.835,0.0321,0.0832,-7.027,124.02,0.878,34,3/26/2012,"['alternative dance', 'art pop', 'chillwave', 'dream pop', 'electronica', 'indietronica', 'modern dream pop', 'neo-synthpop']"
Banna Ba Modimo,BLK JKS,0.000769,0.163,0.907,0.0255,0.095,0.0846,-4.517,77.343,0.441,1,9/8/2009,['south african rock']
Eighteen,Forward Russia,6.61E-05,0.483,0.967,0.00048,0.0677,0.278,-3.643,159.336,0.778,3,9/18/2006,"['british indie rock', 'leeds indie']"
Get Innocuous!,LCD Soundsystem,0.0105,0.696,0.963,0.857,0.0398,0.0872,-6.625,118.01,0.574,48,3/12/2007,"['alternative dance', 'alternative rock', 'art pop', 'dance rock', 'dance-punk', 'electronic rock', 'electronica', 'indie rock', 'indietronica', 'neo-synthpop', 'new rave']"
Hotwax,Beck,0.0665,0.74,0.698,0.00474,0.102,0.123,-8.171,87.297,0.575,40,6/18/1996,"['alternative rock', 'anti-folk', 'permanent wave', 'rock']"
In Fiction,ISIS,0.0731,0.412,0.603,0.811,0.0327,0.56,-9.207,120.429,0.114,28,2004,"['atmospheric post-metal', 'atmospheric sludge', 'drone metal', 'post-metal', 'post-rock', 'sludge metal', 'stoner metal']"
One Armed Scissor,At The Drive-In,0.0501,0.255,0.932,3.46E-05,0.158,0.642,-4.167,162.467,0.228,51,2000,"['dance-punk', 'el paso indie', 'emo', 'garage rock', 'post-hardcore']"
Phony Rappers,A Tribe Called Quest,0.317,0.904,0.63,0,0.294,0.0962,-6.291,94.953,0.526,40,7/30/1996,"['conscious hip hop', 'east coast hip hop', 'golden age hip hop', 'hip hop', 'jazz rap', 'queens hip hop']"
Punchbag,The Bees,0.621,0.529,0.495,0.249,0.0254,0.138,-9.65,86.608,0.19,29,2/1/2001,"['acid rock', 'british indie rock', 'isle of wight indie']"
Tears Are Not Enough,ABC,0.508,0.677,0.943,0.00151,0.0808,0.179,-6.069,118.365,0.88,38,6/21/1982,"['dance rock', 'new romantic', 'new wave', 'new wave pop', 'sophisti-pop', 'synthpop']"
The Bad In Each Other,Feist,0.196,0.404,0.629,0.0393,0.0487,0.125,-5.315,132.407,0.267,34,1/1/2011,"['art pop', 'canadian indie', 'canadian pop', 'chamber pop', 'indie pop', 'indie rock']"
Aidys Girl Is a Computer,Darkstar,0.0112,0.75,0.727,0.639,0.0489,0.133,-5.549,135.016,0.165,1,10/19/2009,['wonky']
Before I Move Off,Mount Kimbie,0.57,0.805,0.642,0.303,0.439,0.169,-5.589,104.856,0.658,38,7/19/2010,"['electra', 'electronica', 'future garage', 'indie soul', 'indietronica', 'wonky']"
Echoes,Washed Out,0.0625,0.568,0.941,0.934,0.0561,0.102,-9.671,120.002,0.695,33,7/12/2011,"['chillwave', 'indietronica', 'neo-synthpop']"
Fistful Of Steel,Rage Against The Machine,0.0191,0.529,0.827,0.195,0.114,0.0938,-6.413,155.529,0.585,51,1992,"['alternative metal', 'alternative rock', 'conscious hip hop', 'funk metal', 'hard rock', 'nu metal', 'political hip hop', 'post-grunge', 'rap metal', 'rap rock', 'rock']"
Hell Of A Life,Kanye West,0.00142,0.449,0.813,0.000172,0.129,0.106,-5.478,177.962,0.452,69,11/22/2010,"['chicago rap', 'hip hop', 'rap']"
Living It Out,Planningtorock,0.52,0.769,0.8,0.0535,0.0413,0.126,-6.6,119.989,0.439,27,5/23/2011,['electroclash']
Sultans of Satan,Kvelertak,9.09E-06,0.275,0.892,0.532,0.0638,0.361,-4.055,136.926,0.441,27,10/3/2011,"[""black 'n' roll"", 'black thrash', 'norwegian metal', 'norwegian rock', 'rogaland musikk']"
The French Open,Foals,0.00448,0.745,0.767,0.12,0.0604,0.115,-6.386,145.679,0.681,36,3/23/2008,"['alternative dance', 'garage rock', 'indie rock', 'indietronica', 'modern alternative rock', 'modern rock', 'neo-synthpop', 'oxford indie', 'shimmer pop']"
We Want War,These New Puritans,0.0417,0.621,0.597,0.478,0.0419,0.23,-8.309,100.019,0.194,26,1/18/2010,"['essex indie', 'grave wave']"
You Don'T Know Jesus,Mogwai,0.0189,0.212,0.489,0.388,0.0387,0.1,-6.948,157.729,0.035,26,4/30/2001,"['british post-rock', 'compositional ambient', 'cosmic post-rock', 'dream pop', 'electronica', 'indie rock', 'instrumental post-rock', 'post-rock', 'scottish rock']"
Bag It,Peaches,0.00165,0.925,0.641,0.0361,0.145,0.0692,-8.235,137.975,0.855,16,8/15/2003,"['alternative dance', 'dance-punk', 'electroclash', 'escape room', 'neo-synthpop', 'new rave']"
Cowboys - L.P. Version,Fugees,0.11,0.709,0.519,0,0.222,0.333,-10.326,89.917,0.321,19,3/25/2003,"['east coast hip hop', 'hip hop', 'neo soul', 'new jersey rap']"
Cry Me a River,Justin Timberlake,0.577,0.624,0.654,0,0.183,0.104,-6.582,73.898,0.564,77,11/4/2002,"['dance pop', 'pop']"
French Exit,The Antlers,0.55,0.597,0.511,0.919,0.0277,0.131,-8.279,105.003,0.316,26,5/10/2011,"['brooklyn indie', 'chamber pop', 'indie rock', 'melancholia']"
Get Miles,Gomez,0.000142,0.317,0.54,0.000108,0.038,0.104,-10.539,81.873,0.157,29,1/1/1998,['britpop']
Goodbye (with Soap & Skin),Apparat,0.444,0.469,0.449,0.565,0.0512,0.334,-14.377,87.111,0.19,42,9/27/2011,"['ambient pop', 'electronica', 'glitch', 'indietronica', 'trip hop']"
How Many?,How To Dress Well,0.879,0.539,0.472,0.000226,0.0564,0.103,-11.139,125.355,0.439,5,9/18/2012,"['art pop', 'chillwave', 'metropopolis']"
How Sweet It Is (To Be Loved By You),Marvin Gaye,0.323,0.653,0.49,4.13E-06,0.0408,0.0832,-10.106,110.202,0.963,62,1965,"['classic soul', 'motown', 'neo soul', 'northern soul', 'quiet storm', 'soul']"
River Euphrates (Remastered),Pixies,0.00114,0.524,0.691,0.000921,0.0376,0.265,-11.251,125.424,0.574,44,3/21/1988,"['alternative rock', 'boston rock', 'permanent wave', 'rock']"
Shadow Committee,Grammatics,0.0217,0.532,0.474,4.59E-06,0.0461,0.194,-7.999,132.005,0.192,8,3/22/2009,"['leeds indie', 'math pop']"
Trainwreck,Mastodon,0.000104,0.266,0.951,0.807,0.161,0.4,-6.041,134.136,0.17,26,5/28/2002,"['alternative metal', 'atlanta metal', 'metal', 'progressive groove metal', 'progressive sludge', 'sludge metal', 'stoner metal', 'stoner rock']"
43% Burnt,The Dillinger Escape Plan,6.02E-05,0.349,0.925,0.000312,0.157,0.0577,-6.767,138.946,0.282,39,9/28/1999,"['american metalcore', 'mathcore', 'new jersey hardcore', 'new jersey punk', 'post-hardcore', 'post-metal']"
Angel Of Death,Slayer,0.000119,0.332,0.994,0.322,0.137,0.142,-4.336,106.086,0.0829,60,1/1/1986,"['alternative metal', 'death metal', 'groove metal', 'hard rock', 'metal', 'old school thrash', 'rock', 'speed metal', 'thrash metal']"
Blood and Thunder,Mastodon,8.58E-06,0.364,0.935,0.729,0.0724,0.0317,-6.548,92.717,0.478,63,8/31/2004,"['alternative metal', 'atlanta metal', 'metal', 'progressive groove metal', 'progressive sludge', 'sludge metal', 'stoner metal', 'stoner rock']"
Carpe Diem,Will Haven,0.000419,0.141,0.922,0.827,0.0973,0.381,-5.522,80.106,0.0829,22,2001,['sludgecore']
Dancers To A Discordant System,Meshuggah,2.41E-05,0.256,0.996,0.904,0.0908,0.181,-5.405,93.486,0.141,39,3/7/2008,"['alternative metal', 'djent', 'groove metal', 'metal', 'nu metal', 'progressive groove metal', 'swedish metal', 'technical groove metal', 'technical thrash']"
Illunis,Rolo Tomassi,0.00119,0.204,0.888,0.000575,0.0835,0.357,-5.835,146.147,0.0968,8,11/4/2012,"['chaotic hardcore', 'cybergrind', 'mathcore', 'nintendocore', 'uk metalcore', 'uk post-hardcore']"
"Nurse, Would You Please Prep the Patient for Sexual Doctor",Daughters,0.00484,0.431,0.939,0.97,0.194,0.385,-6.101,142.79,0.328,20,8/12/2003,"['experimental rock', 'noise rock', 'rhode island indie']"
Rocket Skates,Deftones,1.57E-06,0.129,0.951,0.88,0.117,0.0854,-4.922,76.343,0.203,56,2008,"['alternative metal', 'nu metal', 'rap metal', 'rock', 'sacramento indie']"
Surprise! You're Dead!,Faith No More,2.28E-05,0.493,0.938,0.0159,0.0819,0.121,-7.221,94.655,0.707,46,1989,"['alternative metal', 'alternative rock', 'funk metal', 'funk rock', 'hard rock', 'nu metal', 'post-grunge', 'rap metal', 'rock']"
Thaw,Converge,7.59E-06,0.181,0.986,0.0511,0.161,0.126,-4.115,153.454,0.149,30,2001,"['boston hardcore', 'chaotic hardcore', 'mathcore', 'metalcore', 'post-hardcore', 'post-rock', 'sludge metal']"
Walk,Pantera,0.000155,0.43,0.704,0.00221,0.0804,0.0933,-8.008,118.242,0.703,76,2/21/1992,"['alternative metal', 'groove metal', 'hard rock', 'metal', 'nu metal', 'old school thrash', 'rock', 'texas metal']"
Devotion,Jessie Ware,0.321,0.559,0.582,0.702,0.0457,0.0913,-10.633,156.071,0.361,20,2012,"['british soul', 'electropop', 'neo soul', 'pop soul', 'uk pop']"
Get Down And Live With It,Crippled Black Phoenix,0.106,0.425,0.86,0.849,0.0571,0.235,-5.521,112.9,0.16,9,1/30/2012,"['gaian doom', 'post-metal', 'post-rock', 'supergroup']"
Gopher Guts,Aesop Rock,0.0302,0.602,0.79,0.0116,0.115,0.101,-7.129,179.928,0.566,33,7/10/2012,"['abstract hip hop', 'alternative hip hop', 'conscious hip hop']"
Hopeless Case Of A Kid In Denial,The Hellacopters,0.00203,0.284,0.985,0,0.23,0.316,-3.464,160.306,0.347,36,10/16/2000,"['action rock', ""punk 'n' roll"", 'swedish garage rock']"
Lifeline,The Invisible,0.221,0.674,0.579,0.501,0.0348,0.0809,-8.472,126.404,0.434,3,6/8/2012,[]
Phrasing,Scott Walker,0.506,0.512,0.5,1.33E-05,0.333,0.0745,-11.989,121.872,0.144,13,12/3/2012,"['baroque pop', 'chamber pop', 'experimental', 'experimental rock', 'melancholia', 'singer-songwriter']"
Shuck,Purity Ring,0.489,0.158,0.433,0.142,0.0332,0.149,-9.264,166.53,0.0987,34,7/23/2012,"['canadian electropop', 'dark pop', 'edmonton indie', 'grave wave', 'indietronica', 'metropopolis', 'shimmer pop']"
Tessellate,alt-J,0.364,0.702,0.607,0.0271,0.0405,0.123,-6.509,116.969,0.436,61,9/18/2012,"['indie rock', 'indietronica', 'modern alternative rock', 'modern rock', 'rock']"
The Distance,Cake,0.00959,0.457,0.752,0.00136,0.09,0.0573,-8.121,183.578,0.897,69,9/16/1996,"['alternative rock', 'pop rock', 'post-grunge', 'sacramento indie']"
Vapour Trails,John Foxx,0.0379,0.705,0.569,0,0.096,0.0921,-10.578,141.061,0.69,0,3/27/2012,[]
Wilderland,Anais Mitchell,0.849,0.357,0.266,0.007,0.0345,0.39,-11.084,146.727,0.122,18,2/28/2012,['indie folk']
54-46 Was My Number,Toots & The Maytals,0.18,0.685,0.36,0,0.0568,0.112,-9.572,160.448,0.597,66,3/1/1973,"['reggae', 'roots reggae', 'ska']"
Battery,Metallica,0.000211,0.48,0.923,0.531,0.0682,0.106,-8.793,96.535,0.44,60,3/3/1986,"['hard rock', 'metal', 'old school thrash', 'rock', 'thrash metal']"
Owl,RYAT,0.0119,0.551,0.627,0.245,0.0649,0.281,-11.48,90.003,0.275,1,6/4/2012,"['glitch pop', 'shimmer pop']"
R.A.P. Music,Killer Mike,0.0145,0.674,0.835,0,0.125,0.146,-6.237,74.995,0.319,32,5/15/2012,"['alternative hip hop', 'atl hip hop', 'conscious hip hop', 'hip hop', 'old school atlanta hip hop', 'political hip hop', 'southern hip hop']"
Rain Song,Dirty Three,0.575,0.396,0.481,0.932,0.0395,0.247,-10.256,73.098,0.081,19,2/28/2012,"['post-rock', 'slowcore']"
The Gravedigger’s Song,Mark Lanegan,0.00717,0.321,0.81,0.0495,0.0702,0.179,-7.412,185.904,0.195,38,2/6/2012,"['acoustic rock', 'palm desert scene']"
The Jig Is Up,El-P,0.0019,0.623,0.844,0.0768,0.0629,0.406,-6.286,133.349,0.172,25,2012,"['abstract hip hop', 'alternative hip hop', 'east coast hip hop', 'experimental hip hop']"
Tyrant Song,FOE,0.00077,0.611,0.647,0.000865,0.0552,0.0543,-3.687,119.999,0.801,4,1/1/2012,[]
Violaceae,Nedry,0.0301,0.655,0.496,0.586,0.0334,0.681,-10.401,138.063,0.187,3,3/12/2012,[]
Blue,First Aid Kit,0.375,0.681,0.73,0.000652,0.0266,0.0759,-5.684,107.032,0.61,34,1/24/2012,"['swedish americana', 'swedish country']"
Da Funk,Daft Punk,0.00196,0.806,0.7,0.891,0.0752,0.267,-5.269,111.215,0.892,64,1/17/1997,"['electro', 'filter house', 'rock']"
For the Love of Ivy,Japandroids,3.75E-06,0.249,0.993,0.823,0.0903,0.625,-3.22,128.328,0.195,25,6/5/2012,"['canadian indie', 'canadian indie rock', 'indie rock', 'modern alternative rock', 'modern rock', 'noise pop', 'noise rock', 'vancouver indie', 'vancouver punk']"
Gimme Shelter,The Rolling Stones,0.447,0.634,0.63,0.039,0.031,0.17,-8.277,118.628,0.489,78,12/5/1969,"['album rock', 'british invasion', 'classic rock', 'rock']"
Goldie,A$AP Rocky,0.228,0.697,0.849,4.52E-05,0.248,0.493,-4.953,81.956,0.734,66,2013,"['east coast hip hop', 'hip hop', 'rap', 'trap']"
Herr Bar,Clark,0.0392,0.352,0.947,0.633,0.143,0.121,-3.947,93.099,0.12,28,10/2/2006,"['electronica', 'intelligent dance music', 'wonky']"
Islands,Gravenhurst,0.122,0.471,0.391,0.866,0.0278,0.128,-12.678,139.989,0.0371,20,4/30/2012,"['folktronica', 'melancholia']"
San Francisco,Foxygen,0.245,0.623,0.649,0.000966,0.0274,0.146,-7.953,116.74,0.88,57,1/22/2013,"['baroque pop', 'chamber pop', 'experimental pop', 'indie rock', 'neo-psychedelic', 'noise pop']"
The Chester Road,Land Observations,0.923,0.798,0.391,0.832,0.0647,0.0876,-11.154,159.424,0.333,1,2012,['shiver pop']
Wood and Plastic,Breton,0.00759,0.38,0.723,0.906,0.0651,0.117,-5.672,147.647,0.156,9,3/26/2012,['electronic rock']
Beauty Queen/Horses,Tori Amos,0.965,0.472,0.113,1.77E-05,0.0547,0.0745,-18.511,118.239,0.284,31,1/22/1996,"['dark pop', 'ectofolk', 'lilith', 'melancholia', 'new wave pop', 'permanent wave', 'piano rock', 'singer-songwriter']"
Expansion Outro,Reflection Eternal,0.144,0.702,0.932,0,0.262,0.309,-3.67,90.343,0.0731,24,10/17/2000,['alternative hip hop']
Give Out,Sharon Van Etten,0.846,0.481,0.316,0,0.0296,0.0888,-8.894,115.093,0.162,33,2/7/2012,"['art pop', 'chamber pop', 'indie rock', 'melancholia', 'new jersey indie', 'singer-songwriter']"
Love Rhymes With Hideous Car Wreck,The Blood Brothers,0.00575,0.536,0.7,0.0368,0.0522,0.2,-6.583,135.192,0.611,37,2004,"['nintendocore', 'post-hardcore', 'sasscore', 'screamo']"
Pleasure Palaces,Errors,5.09E-05,0.521,0.813,0.429,0.0336,0.377,-6.651,119.971,0.206,2,1/30/2012,['scottish indie']
Pyramids,Frank Ocean,0.0118,0.4,0.65,7.62E-05,0.0466,0.791,-6.104,107.989,0.15,79,7/10/2012,"['lgbtq+ hip hop', 'neo soul']"
R. Mullen,Yppah,0.000616,0.552,0.914,0.883,0.0279,0.0968,-6.591,104.003,0.582,41,4/2/2012,"['ambient idm', 'downtempo fusion', 'substep']"
Silent Shout,The Knife,0.0945,0.6,0.701,0.905,0.0393,0.123,-10.475,128.555,0.392,44,2/17/2006,"['alternative dance', 'art pop', 'dance-punk', 'electronica', 'gothenburg indie', 'indietronica', 'neo-synthpop', 'new rave', 'swedish electropop', 'swedish synthpop', 'trip hop']"
Special/Blown It (Delete As Appropriate),Mansun,0.193,0.312,0.764,7.90E-05,0.0538,0.361,-8.218,115.154,0.27,2,11/17/1998,['britpop']
Ye Ye,Daphni,0.0327,0.866,0.751,0.852,0.0395,0.07,-9.753,129.018,0.406,29,10/8/2012,"['canadian house', 'electronica', 'float house', 'future garage', 'microhouse']"
(Guitar),alt-J,0.971,0.649,0.0721,0.931,0.0732,0.0963,-16.313,82.758,0.286,0,12/2/2016,[]
(Piano),alt-J,0.996,0.549,0.0645,0.899,0.0549,0.103,-20.381,83.586,0.314,44,7/5/2010,"['instrumental worship', 'piano worship']"
93 Ave. Blues,Swans,0.0955,0.194,0.566,0.449,0.051,0.14,-9.36,126.11,0.0488,19,8/28/2012,"['art pop', 'dream pop', 'experimental', 'experimental rock', 'industrial', 'industrial rock', 'no wave', 'noise pop', 'noise rock', 'post-punk', 'post-rock', 'shoegaze']"
A Piece of the Sky,Swans,0.206,0.23,0.593,0.778,0.0457,0.477,-9.931,108.928,0.0394,23,8/28/2012,"['art pop', 'dream pop', 'experimental', 'experimental rock', 'industrial', 'industrial rock', 'no wave', 'noise pop', 'noise rock', 'post-punk', 'post-rock', 'shoegaze']"
Addict - International Bonus Track,Slayer,4.45E-05,0.34,0.992,0.113,0.151,0.0476,-2.325,88.613,0.123,19,1/1/2003,"['alternative metal', 'death metal', 'groove metal', 'hard rock', 'metal', 'old school thrash', 'rock', 'speed metal', 'thrash metal']"
All I Can,Sharon Van Etten,0.0141,0.401,0.466,3.09E-06,0.0293,0.0863,-7.406,78.003,0.0886,23,2/7/2012,"['art pop', 'chamber pop', 'indie rock', 'melancholia', 'new jersey indie', 'singer-songwriter']"
Animal Prints,LV,0.143,0.933,0.711,0.0204,0.39,0.0746,-8.634,129.946,0.845,2,7/1/2014,['uk bass']
Apostate,Swans,0.0529,0.196,0.816,0.753,0.0646,0.0747,-6.789,109.08,0.0541,20,8/28/2012,"['art pop', 'dream pop', 'experimental', 'experimental rock', 'industrial', 'industrial rock', 'no wave', 'noise pop', 'noise rock', 'post-punk', 'post-rock', 'shoegaze']"
Ask,Sharon Van Etten,0.797,0.316,0.344,0,0.0332,0.104,-9.428,108.081,0.0732,21,2/7/2012,"['art pop', 'chamber pop', 'indie rock', 'melancholia', 'new jersey indie', 'singer-songwriter']"
Avatar,Swans,0.00733,0.204,0.838,0.893,0.043,0.366,-7.794,100.992,0.195,21,8/28/2012,"['art pop', 'dream pop', 'experimental', 'experimental rock', 'industrial', 'industrial rock', 'no wave', 'noise pop', 'noise rock', 'post-punk', 'post-rock', 'shoegaze']"
Bad Habit,Foals,0.00613,0.565,0.848,0.43,0.054,0.115,-6.495,121.102,0.417,42,1/31/2013,"['alternative dance', 'garage rock', 'indie rock', 'indietronica', 'modern alternative rock', 'modern rock', 'neo-synthpop', 'oxford indie', 'shimmer pop']"
Bloodflood,alt-J,0.833,0.685,0.535,0.395,0.0365,0.0896,-8.908,130.028,0.22,46,9/18/2012,"['indie rock', 'indietronica', 'modern alternative rock', 'modern rock', 'rock']"
Bloodline,Slayer,6.05E-05,0.408,0.97,0.171,0.125,0.0812,-3.882,118.441,0.223,54,9/11/2001,"['alternative metal', 'death metal', 'groove metal', 'hard rock', 'metal', 'old school thrash', 'rock', 'speed metal', 'thrash metal']"
Blue Schwinn,Yppah,0.000433,0.469,0.968,0.864,0.06,0.307,-6.852,104.018,0.356,34,4/2/2012,"['ambient idm', 'downtempo fusion', 'substep']"
Breezeblocks,alt-J,0.096,0.615,0.658,0.000911,0.0343,0.205,-7.299,150.093,0.293,73,9/18/2012,"['indie rock', 'indietronica', 'modern alternative rock', 'modern rock', 'rock']"
Cast Down,Slayer,0.0005,0.306,0.995,0.000719,0.292,0.187,-3.406,131.1,0.0881,33,9/11/2001,"['alternative metal', 'death metal', 'groove metal', 'hard rock', 'metal', 'old school thrash', 'rock', 'speed metal', 'thrash metal']"
D. Song,Yppah,0.0251,0.504,0.896,0.656,0.0378,0.105,-6.14,92.994,0.265,38,4/2/2012,"['ambient idm', 'downtempo fusion', 'substep']"
DL,LV,0.0453,0.803,0.543,0.879,0.0804,0.0812,-15.441,123.002,0.0924,2,5/13/2022,[]
Deviance,Slayer,0.00316,0.271,0.985,0.000603,0.231,0.0546,-3.794,143.315,0.0946,31,9/11/2001,"['alternative metal', 'death metal', 'groove metal', 'hard rock', 'metal', 'old school thrash', 'rock', 'speed metal', 'thrash metal']"
Disciple,Slayer,0.00179,0.238,0.994,0.00944,0.25,0.202,-3.578,95.569,0.0839,50,9/11/2001,"['alternative metal', 'death metal', 'groove metal', 'hard rock', 'metal', 'old school thrash', 'rock', 'speed metal', 'thrash metal']"
Dissolve Me,alt-J,0.0986,0.557,0.605,0.0394,0.0376,0.0859,-8.194,107.951,0.121,51,9/18/2012,"['indie rock', 'indietronica', 'modern alternative rock', 'modern rock', 'rock']"
Dusk Till Dawn,Nedry,0.0475,0.67,0.653,0.00561,0.0382,0.106,-8.209,123.012,0.238,0,3/14/2011,[]
Everytime,Foals,0.000541,0.574,0.88,0.585,0.0377,0.109,-7.621,129.976,0.6,39,1/31/2013,"['alternative dance', 'garage rock', 'indie rock', 'indietronica', 'modern alternative rock', 'modern rock', 'neo-synthpop', 'oxford indie', 'shimmer pop']"
Exile,Slayer,0.000289,0.316,0.992,0.189,0.268,0.0491,-3.205,97.861,0.176,34,9/11/2001,"['alternative metal', 'death metal', 'groove metal', 'hard rock', 'metal', 'old school thrash', 'rock', 'speed metal', 'thrash metal']"
Film Burn,Yppah,0.0171,0.578,0.678,0.28,0.0323,0.183,-6.522,153.974,0.459,41,4/2/2012,"['ambient idm', 'downtempo fusion', 'substep']"
Fitzpleasure,alt-J,0.142,0.584,0.594,0.00117,0.0487,0.105,-6.935,143.935,0.36,60,9/18/2012,"['indie rock', 'indietronica', 'modern alternative rock', 'modern rock', 'rock']"
Float,Nedry,0.0325,0.28,0.518,0.0862,0.0584,0.103,-11.718,74.99,0.0761,0,3/12/2012,[]
God Send Death,Slayer,0.00106,0.259,0.988,0.00379,0.179,0.0393,-3.845,100.288,0.287,38,9/11/2001,"['alternative metal', 'death metal', 'groove metal', 'hard rock', 'metal', 'old school thrash', 'rock', 'speed metal', 'thrash metal']"
Golden Braid,Yppah,0.000113,0.41,0.747,0.898,0.0357,0.0998,-6.873,136.159,0.116,19,4/2/2012,"['ambient idm', 'downtempo fusion', 'substep']"
Happy to See You,Yppah,9.57E-05,0.221,0.692,0.848,0.0359,0.127,-6.678,128.777,0.166,21,4/2/2012,"['ambient idm', 'downtempo fusion', 'substep']"
Havana Nights,Nedry,0.00261,0.5,0.837,0.906,0.0492,0.317,-10.749,121.001,0.3,0,3/12/2012,[]
Here Comes The Pain,Slayer,0.000126,0.252,0.994,0.0152,0.259,0.0431,-3.743,123.922,0.165,33,9/11/2001,"['alternative metal', 'death metal', 'groove metal', 'hard rock', 'metal', 'old school thrash', 'rock', 'speed metal', 'thrash metal']"
Home,Nedry,0.00376,0.639,0.683,0.469,0.0478,0.0691,-7.666,160.019,0.433,0,3/12/2012,[]
Howl,RYAT,0.402,0.798,0.466,0.0386,0.0894,0.0644,-10.78,134.062,0.665,4,6/4/2012,"['glitch pop', 'shimmer pop']"
Hustla,LV,0.0198,0.671,0.807,0,0.482,0.0832,-7.734,111.313,0.781,0,3/27/2021,[]
I Do,Terry Malts,2.09E-05,0.225,0.973,0.83,0.114,0.137,-4.44,183.394,0.518,25,2/21/2012,"['garage pop', 'la indie']"
I Would Rather Explode,Nedry,0.00461,0.682,0.484,0.0206,0.0413,0.08,-10.741,136.979,0.052,1,3/12/2012,[]
In Line,Sharon Van Etten,0.489,0.449,0.412,0.000157,0.0277,0.0834,-6.06,102.935,0.131,20,2/7/2012,"['art pop', 'chamber pop', 'indie rock', 'melancholia', 'new jersey indie', 'singer-songwriter']"
Inhaler,Foals,0.0036,0.536,0.73,0.661,0.0427,0.183,-7.606,97.209,0.438,53,1/31/2013,"['alternative dance', 'garage rock', 'indie rock', 'indietronica', 'modern alternative rock', 'modern rock', 'neo-synthpop', 'oxford indie', 'shimmer pop']"
International Pantsula,LV,0.31,0.75,0.568,0,0.226,0.0612,-7.803,111.791,0.839,0,7/1/2014,['uk bass']
Intro,alt-J,0.444,0.583,0.8,0.843,0.0349,0.201,-8.505,144.022,0.253,46,9/18/2012,"['indie rock', 'indietronica', 'modern alternative rock', 'modern rock', 'rock']"
Invisibility Cage,RYAT,0.534,0.191,0.283,0.801,0.0494,0.108,-18.681,77.739,0.151,0,6/4/2012,"['glitch pop', 'shimmer pop']"
Invisibly Ours,RYAT,0.663,0.427,0.366,0.901,0.0384,0.112,-14.532,100.016,0.168,2,6/4/2012,"['glitch pop', 'shimmer pop']"
Joke or a Lie,Sharon Van Etten,0.854,0.108,0.0595,0.000213,0.0366,0.114,-12.859,76.992,0.0843,17,2/7/2012,"['art pop', 'chamber pop', 'indie rock', 'melancholia', 'new jersey indie', 'singer-songwriter']"
Land Leviathan,Nedry,0.159,0.507,0.543,0.746,0.0426,0.093,-17.457,143.972,0.0687,0,3/12/2012,[]
Leonard,Sharon Van Etten,0.509,0.136,0.445,2.70E-06,0.0328,0.163,-6.82,186.477,0.193,22,2/7/2012,"['art pop', 'chamber pop', 'indie rock', 'melancholia', 'new jersey indie', 'singer-songwriter']"
Limb,LV,0.0245,0.863,0.477,0.25,0.199,0.127,-10.039,129.984,0.321,0,7/1/2014,['uk bass']
Lunacy,Swans,0.29,0.261,0.41,0.0741,0.0354,0.184,-8.213,118.805,0.0371,27,8/28/2012,"['art pop', 'dream pop', 'experimental', 'experimental rock', 'industrial', 'industrial rock', 'no wave', 'noise pop', 'noise rock', 'post-punk', 'post-rock', 'shoegaze']"
Mall Dreams,Terry Malts,0.000443,0.138,0.83,0.173,0.0446,0.102,-5.382,201.89,0.552,5,2/21/2012,"['garage pop', 'la indie']"
Matilda,alt-J,0.787,0.578,0.675,0.403,0.03,0.116,-9.208,147.947,0.281,52,9/18/2012,"['indie rock', 'indietronica', 'modern alternative rock', 'modern rock', 'rock']"
Milk & Black Spiders,Foals,0.000567,0.555,0.796,0.759,0.0538,0.111,-6.928,124.944,0.495,42,1/31/2013,"['alternative dance', 'garage rock', 'indie rock', 'indietronica', 'modern alternative rock', 'modern rock', 'neo-synthpop', 'oxford indie', 'shimmer pop']"
Mladic,Godspeed You! Black Emperor,0.00135,0.172,0.846,0.846,0.0669,0.809,-6.59,114.349,0.0399,34,10/15/2012,"['canadian post-rock', 'double drumming', 'experimental rock', 'instrumental post-rock', 'noise pop', 'post-rock']"
Moon,Foals,0.799,0.185,0.255,0.813,0.0343,0.188,-14.377,82.529,0.117,34,1/31/2013,"['alternative dance', 'garage rock', 'indie rock', 'indietronica', 'modern alternative rock', 'modern rock', 'neo-synthpop', 'oxford indie', 'shimmer pop']"
Mother of the World,Swans,0.0336,0.308,0.787,0.377,0.0815,0.163,-9.634,139.551,0.369,25,8/28/2012,"['art pop', 'dream pop', 'experimental', 'experimental rock', 'industrial', 'industrial rock', 'no wave', 'noise pop', 'noise rock', 'post-punk', 'post-rock', 'shoegaze']"
Ms,alt-J,0.876,0.609,0.413,0.0239,0.0351,0.0799,-11.407,130.969,0.0697,54,9/18/2012,"['indie rock', 'indietronica', 'modern alternative rock', 'modern rock', 'rock']"
My Number,Foals,0.0243,0.639,0.715,0.000552,0.0392,0.619,-8.954,128.072,0.813,69,1/31/2013,"['alternative dance', 'garage rock', 'indie rock', 'indietronica', 'modern alternative rock', 'modern rock', 'neo-synthpop', 'oxford indie', 'shimmer pop']"
Nauseous,Terry Malts,2.64E-05,0.326,0.957,0.803,0.0491,0.0715,-4.681,132.16,0.636,4,2/21/2012,"['garage pop', 'la indie']"
Never Mess With Sunday,Yppah,0.00807,0.52,0.561,0.485,0.0255,0.142,-7.95,92.999,0.421,50,9/20/2010,"['ambient idm', 'downtempo fusion', 'substep']"
New Faith,Slayer,0.000964,0.244,0.992,0.000876,0.213,0.0994,-2.823,87.949,0.165,38,9/11/2001,"['alternative metal', 'death metal', 'groove metal', 'hard rock', 'metal', 'old school thrash', 'rock', 'speed metal', 'thrash metal']"
No Big Deal,Terry Malts,0.000259,0.312,0.741,0.532,0.0368,0.135,-5.344,107.295,0.221,3,2/21/2012,"['garage pop', 'la indie']"
No Good For You,Terry Malts,0.000316,0.388,0.938,0.542,0.0421,0.381,-4.789,153.343,0.634,8,2/21/2012,"['garage pop', 'la indie']"
No Sentiment,Cloud Nothings,0.00174,0.203,0.869,0.000203,0.04,0.116,-5.929,200.567,0.379,23,1/24/2012,"['cleveland indie', 'indie punk', 'indie rock', 'lo-fi', 'modern power pop', 'noise pop', 'noise rock', 'popgaze']"
"No Sir, I'm Not A Christian",Terry Malts,0.000516,0.218,0.986,0.953,0.295,0.133,-4.665,181.791,0.24,6,2/21/2012,"['garage pop', 'la indie']"
Not Far From It,Terry Malts,0.00181,0.216,0.932,0.759,0.0546,0.358,-5.087,199.866,0.492,6,2/21/2012,"['garage pop', 'la indie']"
Nothing Like Us,LV,0.00973,0.805,0.9,0.0647,0.117,0.133,-7.259,127.022,0.316,0,7/1/2014,['uk bass']
Object Mob,RYAT,0.00571,0.448,0.458,0.0448,0.0642,0.0881,-12.585,146.269,0.341,0,6/4/2012,"['glitch pop', 'shimmer pop']"
Out Of The Woods,Foals,0.0722,0.698,0.8,0.00669,0.0452,0.243,-8.099,131.96,0.855,44,1/31/2013,"['alternative dance', 'garage rock', 'indie rock', 'indietronica', 'modern alternative rock', 'modern rock', 'neo-synthpop', 'oxford indie', 'shimmer pop']"
Paper Knife,Yppah,7.76E-05,0.491,0.84,0.882,0.0305,0.199,-8.026,143.983,0.605,22,4/2/2012,"['ambient idm', 'downtempo fusion', 'substep']"
Payback,Slayer,0.000323,0.267,0.999,0.182,0.231,0.0402,-3.653,111.318,0.0748,40,9/11/2001,"['alternative metal', 'death metal', 'groove metal', 'hard rock', 'metal', 'old school thrash', 'rock', 'speed metal', 'thrash metal']"
Post Six,Nedry,0.000318,0.564,0.794,0.00192,0.0948,0.1,-7.776,150.074,0.439,1,3/12/2012,[]
Prelude,Foals,0.091,0.51,0.655,0.632,0.0553,0.105,-12.3,95.121,0.0908,35,1/31/2013,"['alternative dance', 'garage rock', 'indie rock', 'indietronica', 'modern alternative rock', 'modern rock', 'neo-synthpop', 'oxford indie', 'shimmer pop']"
Primus Stove,LV,0.136,0.736,0.499,4.00E-05,0.286,0.129,-9.428,119.817,0.406,0,7/1/2014,['uk bass']
Providence,Foals,0.000125,0.465,0.894,0.164,0.0789,0.175,-7.296,136.792,0.339,39,1/31/2013,"['alternative dance', 'garage rock', 'indie rock', 'indietronica', 'modern alternative rock', 'modern rock', 'neo-synthpop', 'oxford indie', 'shimmer pop']"
Raiz,RYAT,0.526,0.341,0.401,0.971,0.066,0.107,-14.715,171.933,0.37,0,6/4/2012,"['glitch pop', 'shimmer pop']"
Safe and Sound,LV,0.108,0.637,0.622,0.000364,0.291,0.0992,-6.147,129.59,0.638,0,7/1/2014,['uk bass']
Scarstruck - International Bonus Track,Slayer,2.93E-05,0.295,0.993,0.00276,0.208,0.201,-2.399,148.971,0.31,17,1/1/2003,"['alternative metal', 'death metal', 'groove metal', 'hard rock', 'metal', 'old school thrash', 'rock', 'speed metal', 'thrash metal']"
Seahorse,RYAT,0.777,0.331,0.626,0.889,0.336,0.373,-13.169,141.575,0.345,1,6/4/2012,"['glitch pop', 'shimmer pop']"
Sebenza,LV,0.00503,0.536,0.624,0.00014,0.185,0.505,-9.712,150.024,0.674,3,7/1/2014,['uk bass']
Serpents,Sharon Van Etten,0.000406,0.432,0.77,0.00196,0.0371,0.11,-4.813,122.522,0.164,47,2/7/2012,"['art pop', 'chamber pop', 'indie rock', 'melancholia', 'new jersey indie', 'singer-songwriter']"
Seven Faces,Slayer,2.68E-05,0.215,0.993,0.519,0.257,0.166,-3.939,151.212,0.0476,32,9/11/2001,"['alternative metal', 'death metal', 'groove metal', 'hard rock', 'metal', 'old school thrash', 'rock', 'speed metal', 'thrash metal']"
Some Have Said,Yppah,0.00881,0.549,0.683,0.872,0.0236,0.113,-5.835,99.991,0.34,37,4/2/2012,"['ambient idm', 'downtempo fusion', 'substep']"
Something About You,Terry Malts,1.09E-05,0.298,0.905,0.885,0.0487,0.107,-4.36,127.866,0.414,26,2/21/2012,"['garage pop', 'la indie']"
Something Good,alt-J,0.714,0.682,0.581,0.323,0.0295,0.0802,-10.339,108.98,0.539,59,9/18/2012,"['indie rock', 'indietronica', 'modern alternative rock', 'modern rock', 'rock']"
Song for a Warrior,Swans,0.0868,0.278,0.126,0.00381,0.0335,0.0903,-17.751,137.254,0.129,23,8/28/2012,"['art pop', 'dream pop', 'experimental', 'experimental rock', 'industrial', 'industrial rock', 'no wave', 'noise pop', 'noise rock', 'post-punk', 'post-rock', 'shoegaze']"
Soon Enough,Yppah,0.0117,0.516,0.829,0.766,0.0348,0.144,-7.745,160.01,0.646,24,4/2/2012,"['ambient idm', 'downtempo fusion', 'substep']"
Spitting Cobra,LV,0.351,0.637,0.482,0.00108,0.0419,0.112,-8.865,144.307,0.286,0,7/1/2014,['uk bass']
Stepson,Foals,0.295,0.66,0.582,0.734,0.0335,0.103,-11.615,119.991,0.343,34,1/31/2013,"['alternative dance', 'garage rock', 'indie rock', 'indietronica', 'modern alternative rock', 'modern rock', 'neo-synthpop', 'oxford indie', 'shimmer pop']"
Strung Like Lights At Thee Printemps Erable,Godspeed You! Black Emperor,0.977,0.168,0.023,0.853,0.0511,0.105,-14.864,124.211,0.0193,25,10/15/2012,"['canadian post-rock', 'double drumming', 'experimental rock', 'instrumental post-rock', 'noise pop', 'post-rock']"
TMA,Nedry,0.00011,0.639,0.686,0.259,0.0502,0.0969,-6.399,135.015,0.42,0,3/12/2012,[]
Taro,alt-J,0.779,0.359,0.48,0.00328,0.0349,0.0784,-10.634,171.75,0.283,54,9/18/2012,"['indie rock', 'indietronica', 'modern alternative rock', 'modern rock', 'rock']"
Thatha Lo,LV,0.000918,0.832,0.742,0.000418,0.0938,0.0637,-8.227,134.987,0.74,0,7/1/2014,['uk bass']
The Daughter Brings the Water,Swans,0.409,0.329,0.527,0.764,0.0392,0.102,-14.397,74.767,0.198,18,8/28/2012,"['art pop', 'dream pop', 'experimental', 'experimental rock', 'industrial', 'industrial rock', 'no wave', 'noise pop', 'noise rock', 'post-punk', 'post-rock', 'shoegaze']"
The Seer,Swans,0.0207,0.183,0.643,0.878,0.0435,0.295,-9.823,139.516,0.104,24,8/28/2012,"['art pop', 'dream pop', 'experimental', 'experimental rock', 'industrial', 'industrial rock', 'no wave', 'noise pop', 'noise rock', 'post-punk', 'post-rock', 'shoegaze']"
The Seer Returns,Swans,0.308,0.375,0.654,0.411,0.0362,0.0746,-9.437,74.764,0.182,24,8/28/2012,"['art pop', 'dream pop', 'experimental', 'experimental rock', 'industrial', 'industrial rock', 'no wave', 'noise pop', 'noise rock', 'post-punk', 'post-rock', 'shoegaze']"
The Wolf,Swans,0.785,0.318,0.186,0.000322,0.142,0.31,-20.304,113.629,0.313,22,8/28/2012,"['art pop', 'dream pop', 'experimental', 'experimental rock', 'industrial', 'industrial rock', 'no wave', 'noise pop', 'noise rock', 'post-punk', 'post-rock', 'shoegaze']"
Their Helicopters Sing,Godspeed You! Black Emperor,0.0897,0.128,0.322,0.944,0.0384,0.341,-9.498,67.976,0.033,28,10/15/2012,"['canadian post-rock', 'double drumming', 'experimental rock', 'instrumental post-rock', 'noise pop', 'post-rock']"
Three Portraits,Yppah,0.00236,0.482,0.855,0.517,0.0275,0.223,-4.797,92.97,0.245,32,4/2/2012,"['ambient idm', 'downtempo fusion', 'substep']"
Threshold,Slayer,0.0018,0.434,0.948,5.99E-05,0.236,0.146,-4.294,95.534,0.317,41,9/11/2001,"['alternative metal', 'death metal', 'groove metal', 'hard rock', 'metal', 'old school thrash', 'rock', 'speed metal', 'thrash metal']"
Totem,RYAT,0.994,0.192,0.0896,0.975,0.0373,0.128,-20.653,109.608,0.0399,0,6/4/2012,"['glitch pop', 'shimmer pop']"
Waiting Room,Terry Malts,0.00783,0.318,0.94,0.246,0.0712,0.0851,-5.602,158.018,0.327,6,2/21/2012,"['garage pop', 'la indie']"
War Zone,Slayer,1.30E-05,0.317,0.995,0.0351,0.191,0.0908,-2.665,98.027,0.111,33,9/11/2001,"['alternative metal', 'death metal', 'groove metal', 'hard rock', 'metal', 'old school thrash', 'rock', 'speed metal', 'thrash metal']"
Warsaw,Sharon Van Etten,0.00619,0.385,0.651,0.000106,0.032,0.584,-6.903,154.224,0.319,29,2/7/2012,"['art pop', 'chamber pop', 'indie rock', 'melancholia', 'new jersey indie', 'singer-songwriter']"
We Are Fine,Sharon Van Etten,0.633,0.425,0.322,0.00643,0.0291,0.0989,-8.677,107.83,0.0959,39,2/7/2012,"['art pop', 'chamber pop', 'indie rock', 'melancholia', 'new jersey indie', 'singer-songwriter']"
We Drift Like Worried Fire,Godspeed You! Black Emperor,0.0953,0.204,0.593,0.836,0.0375,0.0854,-7.278,108.769,0.0479,30,10/15/2012,"['canadian post-rock', 'double drumming', 'experimental rock', 'instrumental post-rock', 'noise pop', 'post-rock']"
What Was It?,Terry Malts,0.00035,0.484,0.996,0.713,0.0592,0.0867,-3.722,122.16,0.536,3,2/21/2012,"['garage pop', 'la indie']"
Where Is The Weekend?,Terry Malts,1.38E-05,0.354,0.938,0.593,0.109,0.199,-5.219,130.397,0.336,5,2/21/2012,"['garage pop', 'la indie']"
Windcurve,RYAT,0.868,0.331,0.415,0.928,0.0946,0.0961,-16.282,112.696,0.345,1,6/4/2012,"['glitch pop', 'shimmer pop']"
Work,LV,0.0622,0.717,0.749,0.764,0.0529,0.113,-12.067,144.928,0.0718,3,7/1/2014,['uk bass']
Zulu Compurar,LV,0.337,0.671,0.485,1.01E-05,0.44,0.0765,-10.04,106.597,0.498,1,7/1/2014,['uk bass']
here.now.here,Nedry,0.323,0.582,0.547,0.698,0.0341,0.151,-9.589,139.99,0.164,0,12/17/2012,[]
10 Mile Stereo,Beach House,0.0523,0.239,0.74,0.00117,0.048,0.419,-4.385,193.039,0.309,46,1/26/2010,"['baltimore indie', 'dream pop', 'dreamo', 'indie rock', 'indietronica', 'modern dream pop', 'pov: indie']"
Better Times,Beach House,0.715,0.641,0.469,0.00505,0.0256,0.131,-7.469,92.941,0.3,39,1/26/2010,"['baltimore indie', 'dream pop', 'dreamo', 'indie rock', 'indietronica', 'modern dream pop', 'pov: indie']"
Lover Of Mine,Beach House,0.202,0.612,0.448,0.00992,0.0264,0.104,-5.258,97.253,0.282,42,1/26/2010,"['baltimore indie', 'dream pop', 'dreamo', 'indie rock', 'indietronica', 'modern dream pop', 'pov: indie']"
Norway,Beach House,0.238,0.461,0.475,0.0125,0.0283,0.103,-6.4,118.66,0.173,44,1/26/2010,"['baltimore indie', 'dream pop', 'dreamo', 'indie rock', 'indietronica', 'modern dream pop', 'pov: indie']"
Real Love,Beach House,0.626,0.608,0.442,0.0012,0.0241,0.123,-10.705,99.526,0.355,39,1/26/2010,"['baltimore indie', 'dream pop', 'dreamo', 'indie rock', 'indietronica', 'modern dream pop', 'pov: indie']"
Silver Soul,Beach House,0.467,0.356,0.67,0.000106,0.0324,0.288,-5.825,135.032,0.117,70,1/26/2010,"['baltimore indie', 'dream pop', 'dreamo', 'indie rock', 'indietronica', 'modern dream pop', 'pov: indie']"
Take Care,Beach House,0.472,0.568,0.865,0.000425,0.0289,0.0845,-7.401,110.85,0.421,56,1/26/2010,"['baltimore indie', 'dream pop', 'dreamo', 'indie rock', 'indietronica', 'modern dream pop', 'pov: indie']"
Used To Be,Beach House,0.562,0.432,0.55,0.0032,0.0259,0.102,-7.143,179.482,0.23,40,1/26/2010,"['baltimore indie', 'dream pop', 'dreamo', 'indie rock', 'indietronica', 'modern dream pop', 'pov: indie']"
Walk In The Park,Beach House,0.061,0.637,0.549,0.0835,0.0253,0.0785,-6.527,141.385,0.87,48,1/26/2010,"['baltimore indie', 'dream pop', 'dreamo', 'indie rock', 'indietronica', 'modern dream pop', 'pov: indie']"
Zebra,Beach House,0.861,0.612,0.476,0.0044,0.0275,0.147,-8.256,118.381,0.257,49,1/26/2010,"['baltimore indie', 'dream pop', 'dreamo', 'indie rock', 'indietronica', 'modern dream pop', 'pov: indie']"
"A treatease dedicated to The Avian Airess from North East Nubis (1000 questions, 1 answer)",Shabazz Palaces,0.0516,0.722,0.585,0.000736,0.354,0.11,-12.903,156.742,0.684,20,6/28/2011,"['afrofuturism', 'cascadia psych', 'experimental hip hop', 'psychedelic hip hop', 'seattle hip hop', 'wonky']"
An echo from the hosts that profess infinitum,Shabazz Palaces,0.616,0.658,0.364,0.034,0.117,0.143,-14.321,113.255,0.305,34,6/28/2011,"['afrofuturism', 'cascadia psych', 'experimental hip hop', 'psychedelic hip hop', 'seattle hip hop', 'wonky']"
Recollections of the wraith,Shabazz Palaces,0.237,0.729,0.326,0.00808,0.361,0.1,-10.074,179.966,0.44,26,6/28/2011,"['afrofuturism', 'cascadia psych', 'experimental hip hop', 'psychedelic hip hop', 'seattle hip hop', 'wonky']"
Swerve... the reeping of all that is worthwhile (Noir not withstanding),Shabazz Palaces,0.134,0.704,0.39,0.000159,0.487,0.0877,-12.232,173.951,0.497,31,6/28/2011,"['afrofuturism', 'cascadia psych', 'experimental hip hop', 'psychedelic hip hop', 'seattle hip hop', 'wonky']"
Youlogy,Shabazz Palaces,0.0192,0.386,0.451,0.0153,0.498,0.287,-13.26,78.529,0.194,21,6/28/2011,"['afrofuturism', 'cascadia psych', 'experimental hip hop', 'psychedelic hip hop', 'seattle hip hop', 'wonky']"
free press and curl,Shabazz Palaces,0.0311,0.448,0.286,0.0267,0.212,0.142,-14.299,100.011,0.168,28,6/28/2011,"['afrofuturism', 'cascadia psych', 'experimental hip hop', 'psychedelic hip hop', 'seattle hip hop', 'wonky']"
yeah you,Shabazz Palaces,0.128,0.295,0.36,0.358,0.136,0.151,-14.867,238.165,0.256,19,6/28/2011,"['afrofuturism', 'cascadia psych', 'experimental hip hop', 'psychedelic hip hop', 'seattle hip hop', 'wonky']"
2080,Yeasayer,0.303,0.498,0.803,0.00418,0.0677,0.35,-6.932,120.085,0.518,42,10/23/2007,"['alternative dance', 'brooklyn indie', 'chamber pop', 'indie rock', 'neo-synthpop', 'shimmer pop']"
Alsatian Darn,Panda Bear,0.34,0.478,0.734,2.04E-06,0.0349,0.106,-6.981,100.033,0.667,22,4/11/2011,"['art pop', 'chamber pop', 'chillwave', 'dream pop', 'experimental pop', 'indie rock', 'indietronica', 'neo-synthpop', 'noise pop']"
Canopy,Painted Palms,0.0115,0.422,0.783,0.000245,0.0972,0.293,-4.666,120.074,0.604,3,5/10/2011,['shimmer pop']
Cheap And Cheerful,The Kills,0.00114,0.885,0.718,0.000499,0.0768,0.0753,-5.493,128.96,0.67,40,3/8/2008,"['alternative dance', 'dance-punk', 'garage rock', 'garage rock revival', 'indie rock', 'indietronica', 'modern blues rock', 'modern rock', 'new rave']"
Dirty Harry,Gorillaz,0.0315,0.625,0.877,0.0811,0.162,0.672,-7.176,192.296,0.865,72,5/23/2005,"['alternative hip hop', 'modern rock', 'rock']"
Feel It All Around,Washed Out,0.000105,0.34,0.737,0.762,0.0582,0.0699,-4.681,172.022,0.499,65,9/8/2009,"['chillwave', 'indietronica', 'neo-synthpop']"
Fireworks,Animal Collective,0.0178,0.547,0.911,4.98E-05,0.0715,0.0884,-4.861,165.706,0.741,43,9/9/2007,"['alternative dance', 'alternative rock', 'art pop', 'baltimore indie', 'chillwave', 'dance-punk', 'dream pop', 'experimental pop', 'freak folk', 'indie rock', 'neo-synthpop', 'noise pop']"
Green Knight,Memory Tapes,0.212,0.696,0.717,0.684,0.0279,0.102,-8.937,121.009,0.538,31,8/25/2009,"['chillwave', 'electrofox', 'grave wave', 'new jersey indie']"
My Country,tUnE-yArDs,0.0109,0.651,0.822,0.0966,0.179,0.796,-7.008,120.059,0.486,27,4/18/2011,"['art pop', 'indie rock', 'one-person band', 'shimmer pop']"
O.N.E,Yeasayer,0.00107,0.611,0.937,0.268,0.0456,0.347,-6.552,121.989,0.391,41,2010,"['alternative dance', 'brooklyn indie', 'chamber pop', 'indie rock', 'neo-synthpop', 'shimmer pop']"
Ritual Union - Tensnake Remix,Little Dragon,0.198,0.56,0.493,0.00104,0.0666,0.368,-9.103,157.912,0.352,18,8/22/2011,"['art pop', 'chillwave', 'downtempo', 'electronica', 'gothenburg indie', 'indie soul', 'indietronica', 'neo-synthpop', 'swedish electropop', 'swedish synthpop', 'trip hop']"
Running From The Cops,Phantogram,0.00421,0.721,0.836,0.705,0.143,0.11,-3.573,193.522,0.57,33,2010,"['indietronica', 'metropopolis', 'neo-synthpop']"
Shooting Holes,Twin Shadow,0.0129,0.741,0.82,0.109,0.0601,0.116,-6.304,129.986,0.742,38,11/15/2009,"['indietronica', 'metropopolis']"
Soft Shock,Yeah Yeah Yeahs,0.00116,0.598,0.81,0.595,0.0269,0.104,-5.906,125.035,0.739,53,1/1/2009,"['alternative dance', 'alternative rock', 'art pop', 'dance-punk', 'garage rock', 'indie rock', 'modern rock', 'neo-synthpop', 'new rave']"
The Warning,Hot Chip,0.0941,0.728,0.612,0.188,0.0499,0.399,-10.106,130.016,0.437,41,5/22/2006,"['alternative dance', 'dance rock', 'electronica', 'indie rock', 'indietronica', 'neo-synthpop', 'new rave']"
All My Life,Foo Fighters,0.000218,0.577,0.604,0.000579,0.0495,0.477,-5.703,167.719,0.637,74,10/22/2002,"['alternative metal', 'alternative rock', 'modern rock', 'permanent wave', 'post-grunge', 'rock']"
Best Of You,Foo Fighters,0.000769,0.366,0.94,9.42E-05,0.0696,0.188,-5.119,130.198,0.369,77,6/14/2005,"['alternative metal', 'alternative rock', 'modern rock', 'permanent wave', 'post-grunge', 'rock']"
Big Me,Foo Fighters,0.442,0.579,0.708,0,0.0374,0.11,-10.419,130.97,0.846,67,7/4/1995,"['alternative metal', 'alternative rock', 'modern rock', 'permanent wave', 'post-grunge', 'rock']"
Boxerbeat,Jo Boxers,0.0956,0.664,0.852,3.16E-06,0.0544,0.343,-12.423,153.759,0.871,30,2/26/2010,"['deep new wave', 'early synthpop']"
Breakout,Foo Fighters,5.18E-05,0.421,0.938,0.00291,0.0522,0.124,-4.212,156.794,0.427,63,11/2/1999,"['alternative metal', 'alternative rock', 'modern rock', 'permanent wave', 'post-grunge', 'rock']"
Down On Me,Jeremih,0.0369,0.7,0.598,0,0.114,0.111,-7.783,160.041,0.594,75,1/1/2010,"['chicago rap', 'pop rap', 'r&b', 'southern hip hop', 'trap', 'urban contemporary']"
Everlong - Acoustic Version,Foo Fighters,0.909,0.643,0.344,0.0112,0.0349,0.106,-11.342,144.171,0.547,70,11/3/2009,"['alternative metal', 'alternative rock', 'modern rock', 'permanent wave', 'post-grunge', 'rock']"
Have It All,Foo Fighters,0.000542,0.348,0.917,0.00353,0.0774,0.137,-3.846,163.824,0.296,42,10/22/2002,"['alternative metal', 'alternative rock', 'modern rock', 'permanent wave', 'post-grunge', 'rock']"
Lapdance - feat. Lee Harvey & Vita,N.E.R.D.,0.115,0.797,0.879,3.87E-05,0.132,0.345,-4.95,102.029,0.686,31,7/24/2014,"['hip hop', 'virginia hip hop']"
Learn to Fly,Foo Fighters,1.83E-05,0.465,0.919,2.07E-05,0.0408,0.262,-4.025,135.997,0.537,78,11/2/1999,"['alternative metal', 'alternative rock', 'modern rock', 'permanent wave', 'post-grunge', 'rock']"
Leave Home,The Chemical Brothers,0.0123,0.626,0.848,0.798,0.0431,0.695,-8.691,108.012,0.611,51,1/1/1995,"['alternative dance', 'big beat', 'breakbeat', 'electronica', 'rave', 'trip hop']"
Long Road To Ruin,Foo Fighters,0.000367,0.401,0.888,0,0.0401,0.12,-3.793,146.781,0.365,59,9/25/2007,"['alternative metal', 'alternative rock', 'modern rock', 'permanent wave', 'post-grunge', 'rock']"
Low,Foo Fighters,1.30E-05,0.417,0.935,0.0059,0.111,0.481,-5.548,143.802,0.198,49,10/22/2002,"['alternative metal', 'alternative rock', 'modern rock', 'permanent wave', 'post-grunge', 'rock']"
Michael Jackson - Calvin Harris - Radio Edit,The Mitchell Brothers,0.0221,0.895,0.525,0,0.063,0.0339,-5.643,119.968,0.92,1,10/9/2020,['grime']
Monkey Wrench,Foo Fighters,1.83E-05,0.401,0.953,2.56E-05,0.0752,0.149,-4.276,174.217,0.555,71,5/20/1997,"['alternative metal', 'alternative rock', 'modern rock', 'permanent wave', 'post-grunge', 'rock']"
My Hero,Foo Fighters,6.20E-05,0.398,0.927,0.000177,0.0567,0.0575,-4.212,77.106,0.311,78,5/20/1997,"['alternative metal', 'alternative rock', 'modern rock', 'permanent wave', 'post-grunge', 'rock']"
Price Tag,Jessie J,0.0281,0.638,0.831,3.06E-06,0.182,0.277,-3.944,175.038,0.685,65,1/1/2011,"['dance pop', 'pop']"
Save Me,Remy Zero,0.000639,0.43,0.971,0,0.0672,0.107,-3.91,96.235,0.294,62,9/18/2001,['alabama indie']
Skin And Bones,Foo Fighters,0.0233,0.551,0.505,0.00514,0.0262,0.5,-8.596,101.182,0.246,45,11/3/2009,"['alternative metal', 'alternative rock', 'modern rock', 'permanent wave', 'post-grunge', 'rock']"
The Pretender,Foo Fighters,0.000917,0.433,0.959,0,0.0431,0.028,-4.04,172.984,0.365,80,9/25/2007,"['alternative metal', 'alternative rock', 'modern rock', 'permanent wave', 'post-grunge', 'rock']"
This Is A Call,Foo Fighters,0.00141,0.261,0.964,2.87E-05,0.0638,0.183,-6.654,162.902,0.326,62,7/4/1995,"['alternative metal', 'alternative rock', 'modern rock', 'permanent wave', 'post-grunge', 'rock']"
Times Like These,Foo Fighters,1.40E-05,0.376,0.908,1.40E-05,0.0879,0.241,-3.793,144.581,0.266,70,10/22/2002,"['alternative metal', 'alternative rock', 'modern rock', 'permanent wave', 'post-grunge', 'rock']"
Wheels,Foo Fighters,0.000495,0.426,0.792,5.10E-06,0.0374,0.142,-4.709,161.994,0.557,63,11/3/2009,"['alternative metal', 'alternative rock', 'modern rock', 'permanent wave', 'post-grunge', 'rock']"
Word Forward,Foo Fighters,0.00222,0.43,0.866,3.97E-06,0.0413,0.349,-5.412,142.078,0.174,46,11/3/2009,"['alternative metal', 'alternative rock', 'modern rock', 'permanent wave', 'post-grunge', 'rock']"
